listing name,room,confirmation,status,check in,check out,total payout
Luxury Jacuzzi in-room* WIFI* Fireplace* Deck*Elsa,Elsa,HMTYQ8KRKT,Review guest,"Mar 28, 2023","Apr 2, 2023",577.07
Fireplace* King* Laundry* WIFI* Hansel, Hansel,HM8MEW8XBT,Review guest,"Mar 29, 2023","Mar 31, 2023",260.93
Sleep9* Hot tub* Pool* Foosball * PS4* Grill* Casp, Casp,HM8NZCPS5Z,Review guest - Expires soon,"Mar 24, 2023","Mar 28, 2023",616.11
Sleep7*Contemporary*Fireplace*65TV*WIFI*Deck*Franz,Franz,HMPJPYSDER,Review guest - Expires soon,"Mar 25, 2023","Mar 28, 2023",487.91
Luxury Jacuzzi in-room* WIFI* Fireplace* Deck*Elsa,Elsa,HMPWBKQEPB,Review guest - Expires soon,"Mar 24, 2023","Mar 27, 2023",400.78
Jacuzzi in bedroom* King* Fireplace* WIFI* Heidi, Heidi,HMNR3YBJZS,Review guest - Expires soon,"Mar 24, 2023","Mar 26, 2023",294.34
Jacuzzi in bedroom* No WIFI Getaway House* Fritz, Fritz,HMBW5N5B8M,Review guest - Expires soon,"Mar 24, 2023","Mar 26, 2023",328.83
Fireplace* King* Laundry* WIFI* Hansel, Hansel,HMAADE9SWK,Review guest - Expires soon,"Mar 23, 2023","Mar 26, 2023",414.00
Jacuzzi in-bedroom* Fireplace *King *WIFI* Anna, Anna,HMJ2DM8CAY,Review guest - Expires soon,"Mar 23, 2023","Mar 26, 2023",467.77
Fireplace*Sleep4* WIFI* MountainView* Grill*Gretel,Gretel,HM3PC3FPPJ,Review guest - Expires soon,"Mar 23, 2023","Mar 25, 2023",266.26
Jacuzzi in-bedroom* Fireplace *King *WIFI* Anna, Anna,HMZZFPBT8M,Review guest - Expires soon,"Mar 18, 2023","Mar 21, 2023",505.33
Luxury Jacuzzi in-room* WIFI* Fireplace* Deck*Elsa,Elsa,HMPHK3PNAF,Past guest,"Mar 17, 2023","Mar 20, 2023",441.31
Sleep9* Hot tub* Pool* Foosball * PS4* Grill* Casp, Casp,HMHQNF5QRT,Past guest,"Mar 15, 2023","Mar 19, 2023",913.74
Jacuzzi in-bedroom* Fireplace *King *WIFI* Anna, Anna,HMBZBEZ3M3,Past guest,"Mar 17, 2023","Mar 18, 2023",191.67
Luxury Jacuzzi in-room* WIFI* Fireplace* Deck*Elsa,Elsa,HM5FWK4HHR,Past guest,"Mar 15, 2023","Mar 17, 2023",229.11
Jacuzzi in-bedroom* Fireplace *King *WIFI* Anna, Anna,HMWKZ53DRR,Trip change sent,"Mar 15, 2023","Mar 17, 2023",362.78
Fireplace*Sleep4* WIFI* MountainView* Grill*Gretel,Gretel,HMYTND9BFR,Past guest,"Mar 14, 2023","Mar 17, 2023",414.19
Sleep7*Contemporary*Fireplace*65TV*WIFI*Deck*Franz,Franz,HMWYX28T2E,Past guest,"Mar 11, 2023","Mar 17, 2023","1,008.80"
Sleep9* Hot tub* Pool* Foosball * PS4* Grill* Casp, Casp,HMXYAX4NYN,Past guest,"Mar 14, 2023","Mar 15, 2023",179.72
Jacuzzi in-bedroom* Fireplace *King *WIFI* Anna, Anna,HMRDF2NQNH,Past guest,"Mar 13, 2023","Mar 15, 2023",251.23
Jacuzzi in bedroom* King* Fireplace* WIFI* Heidi, Heidi,HMNX4MM3NK,Past guest,"Mar 11, 2023","Mar 14, 2023",482.28
Fireplace* King* Laundry* WIFI* Hansel, Hansel,HMPCWESC8D,Past guest,"Mar 11, 2023","Mar 13, 2023",283.24
Jacuzzi in-bedroom* Fireplace *King *WIFI* Anna, Anna,HMBN8B3YZR,Past guest,"Mar 10, 2023","Mar 13, 2023",472.48
Sleep9* Hot tub* Pool* Foosball * PS4* Grill* Casp, Casp,HMHFFJRHN2,Past guest,"Mar 10, 2023","Mar 13, 2023",843.90
Luxury Jacuzzi in-room* WIFI* Fireplace* Deck*Elsa,Elsa,HMX3QPBC2B,Past guest,"Mar 10, 2023","Mar 12, 2023",431.46
Fireplace* King* Laundry* WIFI* Hansel, Hansel,HMRDK5KJCN,Past guest,"Feb 8, 2023","Mar 11, 2023","1,941.94"
Sleep9* Hot tub* Pool* Foosball * PS4* Grill* Casp, Casp,HMMMKYWMPA,Past guest,"Mar 7, 2023","Mar 10, 2023",475.30
Jacuzzi in-bedroom* Fireplace *King *WIFI* Anna, Anna,HME2RXJS8Q,Past guest,"Mar 6, 2023","Mar 10, 2023",356.57
Luxury Jacuzzi in-room* WIFI* Fireplace* Deck*Elsa,Elsa,HM52K5HS44,Past guest,"Mar 5, 2023","Mar 7, 2023",310.40
Jacuzzi in-bedroom* Fireplace *King *WIFI* Anna, Anna,HM585FS2SH,Past guest,"Mar 3, 2023","Mar 6, 2023",441.31
Jacuzzi in bedroom* No WIFI Getaway House* Fritz, Fritz,HM9TRY9RP2,Past guest,"Mar 3, 2023","Mar 5, 2023",271.60
Sleep9* Hot tub* Pool* Foosball * PS4* Grill* Casp, Casp,HM8HA8D3F9,Past guest,"Mar 3, 2023","Mar 5, 2023",359.87
Luxury Jacuzzi in-room* WIFI* Fireplace* Deck*Elsa,Elsa,HMXXK53TM3,Past guest,"Mar 1, 2023","Mar 5, 2023",701.50
Sleep7*Contemporary*Fireplace*65TV*WIFI*Deck*Franz,Franz,HMK2WTPQ3B,Past guest,"Feb 26, 2023","Mar 4, 2023",849.72
Fireplace*Sleep4* WIFI* MountainView* Grill*Gretel,Gretel,HMS3Q9HSX8,Past guest,"Feb 26, 2023","Mar 3, 2023",386.35
Discard: Anna,Discard: Anna,HMWH2ABDAQ,Past guest,"Feb 24, 2023","Feb 28, 2023",435.37
Jacuzzi in bedroom* No WIFI Getaway House* Fritz, Fritz,HMT8MHF92A,Past guest,"Feb 24, 2023","Feb 26, 2023",213.79
Sleep9* Hot tub* Pool* Foosball * PS4* Grill* Casp, Casp,HMR8D8YDYC,Past guest,"Feb 24, 2023","Feb 26, 2023",397.70
Jacuzzi in bedroom* King* Fireplace* WIFI* Heidi, Heidi,HMWEXY9HER,Past guest,"Feb 24, 2023","Feb 26, 2023",252.20
Fireplace*Sleep4* WIFI* MountainView* Grill*Gretel,Gretel,HMES3SZNPQ,Past guest,"Feb 24, 2023","Feb 26, 2023",223.10
Luxury Jacuzzi in-room* WIFI* Fireplace* Deck*Elsa,Elsa,HMDSC4AXF4,Past guest,"Feb 24, 2023","Feb 26, 2023",252.20
Jacuzzi in-bedroom* Fireplace *King *WIFI* Anna, Anna,HMBFX5E4EY,Past guest,"Feb 20, 2023","Feb 22, 2023",178.87
Sleep7*Contemporary*Fireplace*65TV*WIFI*Deck*Franz,Franz,HMCZ4SF2PN,Past guest,"Feb 18, 2023","Feb 21, 2023",579.67
Jacuzzi in bedroom* King* Fireplace* WIFI* Heidi, Heidi,HM8QYQ24D2,Past guest,"Feb 18, 2023","Feb 20, 2023",347.26
Jacuzzi in bedroom* No WIFI Getaway House* Fritz, Fritz,HMTDKJ8T43,Past guest,"Feb 17, 2023","Feb 20, 2023",378.48
Fireplace*Sleep4* WIFI* MountainView* Grill*Gretel,Gretel,HMH935EHFC,Past guest,"Feb 17, 2023","Feb 19, 2023",355.02
Discard: Anna,Discard: Anna,HMD3W8KWJ3,Past guest,"Feb 17, 2023","Feb 19, 2023",334.65
Discard: Elsa,Discard: Elsa,HMX5HPPPZ5,Past guest,"Feb 17, 2023","Feb 19, 2023",363.75
Discard: Casp,Discard: Casp,HMW3R5RSJ3,Past guest,"Feb 17, 2023","Feb 19, 2023",455.90
Jacuzzi in bedroom* King* Fireplace* WIFI* Heidi, Heidi,HMEH383B83,Past guest,"Feb 12, 2023","Feb 18, 2023",699.72
Luxury Jacuzzi in-room* WIFI* Fireplace* Deck*Elsa,Elsa,HM3WKZST33,Past guest,"Feb 15, 2023","Feb 17, 2023",358.90
Discard: Anna,Discard: Anna,HMJ8QWYRQP,Past guest,"Feb 12, 2023","Feb 17, 2023",444.32
Luxury Jacuzzi in-room* WIFI* Fireplace* Deck*Elsa,Elsa,HMWX22FHPD,Past guest,"Feb 14, 2023","Feb 15, 2023",207.58
Fireplace*Sleep4* WIFI* MountainView* Grill*Gretel,Gretel,HMWTMBJQ3N,Past guest,"Feb 12, 2023","Feb 14, 2023",227.76
Sleep9* Hot tub* Pool* Foosball * PS4* Grill* Casp, Casp,HMRYPMQ3BB,Past guest,"Feb 10, 2023","Feb 13, 2023",659.60
Discard: Elsa,Discard: Elsa,HMWKKMNWB8,Past guest,"Feb 10, 2023","Feb 13, 2023",459.54
Jacuzzi in bedroom* No WIFI Getaway House* Fritz, Fritz,HMCJJ3PDRR,Past guest,"Feb 10, 2023","Feb 12, 2023",237.07
Jacuzzi in bedroom* King* Fireplace* WIFI* Heidi, Heidi,HMY2H2P495,Past guest,"Feb 10, 2023","Feb 12, 2023",217.67
Sleep7*Contemporary*Fireplace*65TV*WIFI*Deck*Franz,Franz,HMRCZWBBT3,Past guest,"Feb 10, 2023","Feb 12, 2023",246.77
Discard: Anna,Discard: Anna,HMDD293NAJ,Past guest,"Feb 10, 2023","Feb 12, 2023",285.18
Fireplace*Sleep4* WIFI* MountainView* Grill*Gretel,Gretel,HMWYBX4C2C,Past guest,"Feb 9, 2023","Feb 11, 2023",199.82
Sleep9* Hot tub* Pool* Foosball * PS4* Grill* Casp, Casp,HMCED3CTQB,Past guest,"Feb 4, 2023","Feb 6, 2023",308.46
Discard: Anna,Discard: Anna,HMNMNSXMWK,Past guest,"Feb 3, 2023","Feb 6, 2023",312.50
Discard: Elsa,Discard: Elsa,HMX9KJF3SP,Past guest,"Feb 3, 2023","Feb 5, 2023",363.75
Discard: Anna,Discard: Anna,HMNJ49D3F4,Past guest,"Jan 28, 2023","Feb 2, 2023",391.36
Discard: Casp,Discard: Casp,HMYPK4K3R2,Past guest,"Jan 27, 2023","Jan 29, 2023",347.26
Discard: Elsa,Discard: Elsa,HMYMAZ3XXY,Past guest,"Jan 27, 2023","Jan 29, 2023",321.31
Discard: Franz,Discard: Franz,HM8WZR3C4B,Past guest,"Jan 20, 2023","Jan 22, 2023",278.87
Discard: Casp,Discard: Casp,HMNYRN4TQJ,Past guest,"Jan 20, 2023","Jan 22, 2023",347.26
Discard: Anna,Discard: Anna,HMJJZ9WJX8,Past guest,"Jan 13, 2023","Jan 16, 2023",459.54
Discard: Elsa,Discard: Elsa,HM3T4YJHN3,Past guest,"Jan 13, 2023","Jan 15, 2023",412.25
Discard: Casp,Discard: Casp,HMSMXZ2Z4F,Past guest,"Jan 5, 2023","Jan 8, 2023",578.51
Discard: Heidi,Discard: Heidi,HMKQCN9PTP,Past guest,"Jan 6, 2023","Jan 8, 2023",412.25
Discard: Hansel,Discard: Hansel,HMTE5FAY4D,Past guest,"Dec 30, 2022","Jan 1, 2023",363.75
Discard: Franz,Discard: Franz,HMCFEPHQZ5,Past guest,"Dec 27, 2022","Dec 30, 2022",524.49
Discard: Hansel,Discard: Hansel,HMZKNEHF9E,Past guest,"Dec 25, 2022","Dec 29, 2022",567.45
Discard: Heidi,Discard: Heidi,HM5EPXS9TQ,Past guest,"Dec 23, 2022","Dec 26, 2022",508.28
Discard: Anna,Discard: Anna,HMSKYXWA8N,Past guest,"Dec 23, 2022","Dec 26, 2022",508.04
Discard: Elsa,Discard: Elsa,HMNNJD33MP,Past guest,"Dec 24, 2022","Dec 26, 2022",363.75
Discard: Casp,Discard: Casp,HMZABRRR3N,Past guest,"Dec 23, 2022","Dec 25, 2022",533.50
Discard: Gretel,Discard: Gretel,HMNT2XZB3H,Past guest,"Dec 23, 2022","Dec 24, 2022",237.65
Discard: Elsa,Discard: Elsa,HMNP3HHCRE,Past guest,"Dec 20, 2022","Dec 23, 2022",459.54
Discard: Casp,Discard: Casp,HMHFD4D4Z4,Past guest,"Dec 18, 2022","Dec 20, 2022",395.76
Discard: Elsa,Discard: Elsa,HMRDTA42QB,Past guest,"Dec 15, 2022","Dec 18, 2022",531.71
Discard: Franz,Discard: Franz,HM8QBDEA8C,Past guest,"Dec 17, 2022","Dec 18, 2022",266.75
Discard: Anna,Discard: Anna,HM9YXC2DZ8,Past guest,"Dec 10, 2022","Dec 12, 2022",278.87
Discard: Elsa,Discard: Elsa,HMFQN48DZN,Past guest,"Dec 10, 2022","Dec 12, 2022",385.86
Discard: Franz,Discard: Franz,HMBX8DBDY9,Past guest,"Dec 2, 2022","Dec 4, 2022",357.64
Discard: Elsa,Discard: Elsa,HM9RWNJ4ZC,Past guest,"Dec 2, 2022","Dec 4, 2022",363.75
Discard: Gretel,Discard: Gretel,HM5HBC9RQE,Past guest,"Nov 24, 2022","Nov 26, 2022",413.22
Discard: Elsa,Discard: Elsa,HMW2RAPZQ3,Past guest,"Nov 23, 2022","Nov 26, 2022",721.58
Discard: Franz,Discard: Franz,HM4DA38SHS,Past guest,"Nov 23, 2022","Nov 26, 2022",637.50
Discard: Anna,Discard: Anna,HMF8FFW5PJ,Past guest,"Nov 23, 2022","Nov 25, 2022",485.05
Discard: Franz,Discard: Franz,HMH9RKTSNZ,Past guest,"Nov 11, 2022","Nov 23, 2022","1,712.78"
Discard: Casp,Discard: Casp,HMMCMR4CWT,Past guest,"Nov 18, 2022","Nov 20, 2022",401.58
Discard: Elsa,Discard: Elsa,HMMJFX8PZJ,Past guest,"Nov 18, 2022","Nov 20, 2022",370.60
Discard: Anna,Discard: Anna,HMSRPS45CW,Past guest,"Nov 18, 2022","Nov 20, 2022",348.80
Discard: Casp,Discard: Casp,HMMSB8XBND,Past guest,"Nov 12, 2022","Nov 14, 2022",435.53
Discard: Anna,Discard: Anna,HM5PFSB8CE,Past guest,"Nov 11, 2022","Nov 14, 2022",469.79
Discard: Elsa,Discard: Elsa,HMTSADJRDM,Past guest,"Nov 6, 2022","Nov 8, 2022",257.24
Discard: Casp,Discard: Casp,HMA8CEWHT2,Past guest,"Nov 3, 2022","Nov 7, 2022",695.49
Discard: Gretel,Discard: Gretel,HM55MYZWPX,Past guest,"Nov 4, 2022","Nov 6, 2022",376.36
Discard: Elsa,Discard: Elsa,HMESEFW4CD,Past guest,"Nov 4, 2022","Nov 6, 2022",418.56
Discard: Franz,Discard: Franz,HMYPNH2J5X,Past guest,"Nov 2, 2022","Nov 5, 2022",411.06
Discard: Gretel,Discard: Gretel,HMX9KZD8TE,Past guest,"Oct 29, 2022","Nov 4, 2022",735.26
Discard: Elsa,Discard: Elsa,HMR5MKRE8W,Past guest,"Oct 30, 2022","Nov 2, 2022",382.59
Discard: Casp,Discard: Casp,HMEERNWP8C,Past guest,"Oct 28, 2022","Oct 30, 2022",483.06
Discard: Heidi,Discard: Heidi,HM34C4F2DY,Past guest,"Oct 27, 2022","Oct 29, 2022",318.28
Discard: Gretel,Discard: Gretel,HM4TMSMPNX,Past guest,"Oct 16, 2022","Oct 18, 2022",265.78
Discard: Gretel,Discard: Gretel,HM9SZADBHK,Past guest,"Oct 12, 2022","Oct 16, 2022",605.28
Discard: Elsa,Discard: Elsa,HMFQFRR8NR,Past guest,"Oct 14, 2022","Oct 16, 2022",444.72
Discard: Elsa,Discard: Elsa,HMTDP8XQEK,Past guest,"Oct 9, 2022","Oct 12, 2022",433.82
Discard: Anna,Discard: Anna,HMYQJS894X,Past guest,"Oct 8, 2022","Oct 10, 2022",420.74
Discard: Hansel,Discard: Hansel,HMFKHWHZTY,Past guest,"Oct 7, 2022","Oct 10, 2022",618.03
Discard: Anna,Discard: Anna,HMNXTJDYPK,Past guest,"Oct 7, 2022","Oct 8, 2022",276.86
Discard: Elsa,Discard: Elsa,HM2PW3H99P,Past guest,"Sep 24, 2022","Sep 26, 2022",373.87
Discard: Casp,Discard: Casp,HMTC2B9QNR,Past guest,"Sep 23, 2022","Sep 25, 2022",525.74
Discard: Franz,Discard: Franz,HMXCQXFKJZ,Past guest,"Sep 23, 2022","Sep 25, 2022",343.74
Discard: Franz,Discard: Franz,HMRCYHCEWD,Past guest,"Sep 18, 2022","Sep 21, 2022",353.94
Discard: Casp,Discard: Casp,HMTST5838D,Past guest,"Sep 17, 2022","Sep 20, 2022",528.65
Discard: Elsa,Discard: Elsa,HMS4M4ZKKD,Past guest,"Sep 9, 2022","Sep 14, 2022",657.27
Discard: Casp,Discard: Casp,HMWFYM5NN4,Past guest,"Sep 8, 2022","Sep 12, 2022",647.96
Discard: Elsa,Discard: Elsa,HM5MARM8XD,Past guest,"Sep 4, 2022","Sep 6, 2022",270.32
Discard: Anna,Discard: Anna,HMQDQ9CZZQ,Past guest,"Sep 4, 2022","Sep 6, 2022",330.27
Discard: Gretel,Discard: Gretel,HM49D3MEY4,Past guest,"Sep 2, 2022","Sep 5, 2022",482.09
Discard: Franz,Discard: Franz,HMHTQTZMCF,Past guest,"Sep 2, 2022","Sep 4, 2022",344.76
Discard: Elsa,Discard: Elsa,HMDE5H8BMK,Past guest,"Sep 2, 2022","Sep 4, 2022",383.68
Discard: Elsa,Discard: Elsa,HMP2QJDSES,Past guest,"Aug 26, 2022","Aug 28, 2022",300.84
Discard: Casp,Discard: Casp,HMTHHEAQRA,Past guest,"Aug 26, 2022","Aug 28, 2022",413.22
Discard: Elsa,Discard: Elsa,HMKCBBYM39,Past guest,"Aug 21, 2022","Aug 24, 2022",321.55
Discard: Franz,Discard: Franz,HMWAQZ39JX,Past guest,"Aug 19, 2022","Aug 21, 2022",290.70
Discard: Elsa,Discard: Elsa,HMZ9NCMF3M,Past guest,"Aug 12, 2022","Aug 15, 2022",382.59
Discard: Anna,Discard: Anna,HMWY2SRCHB,Past guest,"Aug 12, 2022","Aug 14, 2022",405.48
Discard: Casp,Discard: Casp,HMPXHWJYXT,Past guest,"Aug 12, 2022","Aug 14, 2022",367.63
Discard: Casp,Discard: Casp,HMNBWWT5ZS,Past guest,"Aug 8, 2022","Aug 12, 2022",500.52
Discard: Franz,Discard: Franz,HMFPY5DS5N,Past guest,"Aug 5, 2022","Aug 8, 2022",461.04
Discard: Elsa,Discard: Elsa,HMCSWABCPY,Past guest,"Aug 5, 2022","Aug 8, 2022",362.97
Discard: Casp,Discard: Casp,HMJBBPYFQD,Past guest,"Aug 5, 2022","Aug 7, 2022",348.23
Discard: Elsa,Discard: Elsa,HMHZ92WQPK,Past guest,"Jul 24, 2022","Aug 5, 2022","1,146.57"
Discard: Anna,Discard: Anna,HMCBRK2WJP,Past guest,"Jul 28, 2022","Jul 31, 2022",445.81
Discard: Franz,Discard: Franz,HMEZBJNPYF,Past guest,"Jul 25, 2022","Jul 29, 2022",429.42
Discard: Heidi,Discard: Heidi,HMZSFXTMPB,Past guest,"Jul 22, 2022","Jul 25, 2022",362.97
Discard: Elsa,Discard: Elsa,HMDSDSWEMX,Past guest,"Jul 21, 2022","Jul 24, 2022",455.62
Discard: Anna,Discard: Anna,HMF894ZP3B,Past guest,"Jul 19, 2022","Jul 21, 2022",267.05
Discard: Franz,Discard: Franz,HMEKMFFA2R,Past guest,"Jul 18, 2022","Jul 20, 2022",257.04
Discard: Anna,Discard: Anna,HMXKSDESXB,Past guest,"Jul 13, 2022","Jul 17, 2022",469.79
Discard: Casp,Discard: Casp,HM5C838TJW,Past guest,"Jul 15, 2022","Jul 17, 2022",522.83
Discard: Hansel,Discard: Hansel,HMB5JNYP28,Past guest,"Jul 7, 2022","Jul 14, 2022",659.99
Discard: Franz,Discard: Franz,HM48CBRHT4,Past guest,"Jul 10, 2022","Jul 13, 2022",338.64
Discard: Anna,Discard: Anna,HMKANERNFK,Past guest,"Jul 8, 2022","Jul 10, 2022",311.74
Discard: Casp,Discard: Casp,HM95Q98TQP,Past guest,"Jul 5, 2022","Jul 7, 2022",385.09
Discard: Casp,Discard: Casp,HMBA44YP8Y,Past guest,"Jul 2, 2022","Jul 5, 2022",733.32
Discard: Hansel,Discard: Hansel,HMRK2QA995,Past guest,"Jul 1, 2022","Jul 3, 2022",343.35
Discard: Elsa,Discard: Elsa,HM2QR92FDP,Past guest,"Jun 27, 2022","Jun 29, 2022",392.40
Discard: Gretel,Discard: Gretel,HMY2AZTTHB,Past guest,"Jun 23, 2022","Jun 28, 2022",577.15
Discard: Casp,Discard: Casp,HMBZTQFWXJ,Past guest,"Jun 24, 2022","Jun 26, 2022",359.87
Discard: Anna,Discard: Anna,HMHCKJ5A5J,Past guest,"Jun 24, 2022","Jun 26, 2022",365.15
Discard: Elsa,Discard: Elsa,HM8BAXRMX8,Past guest,"Jun 22, 2022","Jun 26, 2022",533.01
Discard: Anna,Discard: Anna,HMS9BXCEQY,Past guest,"Jun 22, 2022","Jun 24, 2022",240.89
Discard: Elsa,Discard: Elsa,HM89BZ8CYX,Past guest,"Jun 20, 2022","Jun 22, 2022",285.58
Discard: Anna,Discard: Anna,HMXTF2EX2M,Past guest,"Jun 19, 2022","Jun 21, 2022",240.89
Discard: Anna,Discard: Anna,HMEJREEBZN,Past guest,"Jun 17, 2022","Jun 19, 2022",358.61
Discard: Elsa,Discard: Elsa,HMNB354FE9,Past guest,"Jun 16, 2022","Jun 19, 2022",451.26
Discard: Hansel,Discard: Hansel,HMQJBD53A3,Past guest,"Jun 5, 2022","Jun 13, 2022",697.27
Discard: Elsa,Discard: Elsa,HM89MEHHPZ,Past guest,"Jun 10, 2022","Jun 13, 2022",408.75
Discard: Heidi,Discard: Heidi,HMM3WDYBXF,Past guest,"Jun 10, 2022","Jun 12, 2022",308.47
Discard: Elsa,Discard: Elsa,HMW3JEAQT2,Past guest,"Jun 8, 2022","Jun 10, 2022",264.87
Discard: Anna,Discard: Anna,HMXY8J3ZZT,Past guest,"Jun 5, 2022","Jun 9, 2022",419.65
Discard: Elsa,Discard: Elsa,HMXY5A295N,Past guest,"Jun 5, 2022","Jun 8, 2022",336.81
Discard: Gretel,Discard: Gretel,HM9QZ4ZW58,Past guest,"Jun 5, 2022","Jun 7, 2022",207.58
Discard: Gretel,Discard: Gretel,HMD4JMHTN9,Past guest,"Jun 3, 2022","Jun 5, 2022",241.53
Discard: Elsa,Discard: Elsa,HMZAS5F3E2,Past guest,"Jun 3, 2022","Jun 5, 2022",303.02
Discard: Franz,Discard: Franz,HM4FHSHW2H,Past guest,"Jun 1, 2022","Jun 5, 2022",451.86
Discard: Hansel,Discard: Hansel,HMAKA29JK9,Past guest,"Jun 3, 2022","Jun 5, 2022",295.39
Discard: Elsa,Discard: Elsa,HM9S2NKYJ9,Past guest,"May 30, 2022","Jun 2, 2022",305.20
Discard: Franz,Discard: Franz,HMXMSJ4MHZ,Past guest,"May 30, 2022","Jun 1, 2022",229.50
Discard: Anna,Discard: Anna,HMBJF9PF3Z,Past guest,"May 27, 2022","May 29, 2022",373.87
Discard: Gretel,Discard: Gretel,HMT3YS4PFY,Past guest,"May 27, 2022","May 29, 2022",312.34
Discard: Gretel,Discard: Gretel,HMJPSMESTN,Past guest,"May 24, 2022","May 27, 2022",271.60
Discard: Elsa,Discard: Elsa,HM82ZHTKBJ,Past guest,"May 18, 2022","May 24, 2022",774.99
Discard: Anna,Discard: Anna,HME5ADPY2Z,Past guest,"May 20, 2022","May 23, 2022",379.32
Discard: Heidi,Discard: Heidi,HMXAPH2WD9,Past guest,"May 13, 2022","May 15, 2022",256.15
Discard: Franz,Discard: Franz,HMTT939KFX,Past guest,"May 13, 2022","May 15, 2022",256.02
Discard: Elsa,Discard: Elsa,HMKY4MBDAZ,Past guest,"May 12, 2022","May 15, 2022",367.33
Discard: Gretel,Discard: Gretel,HMCEAPJB9W,Past guest,"May 13, 2022","May 15, 2022",249.29
Discard: Anna,Discard: Anna,HMDWAKTX5M,Past guest,"May 6, 2022","May 11, 2022",673.62
Discard: Gretel,Discard: Gretel,HMBXP2FX8X,Past guest,"May 5, 2022","May 8, 2022",313.31
Discard: Elsa,Discard: Elsa,HMPS8NNKDQ,Past guest,"May 6, 2022","May 8, 2022",297.57
Discard: Gretel,Discard: Gretel,HMH3EPXHWQ,Past guest,"May 1, 2022","May 3, 2022",206.61
Discard: Anna,Discard: Anna,HMWKRZZ9HC,Past guest,"Apr 29, 2022","May 1, 2022",359.70
Discard: Hansel,Discard: Hansel,HMZ3QY83WF,Past guest,"Apr 26, 2022","Apr 30, 2022",452.35
Discard: Elsa,Discard: Elsa,HMQCEM5WQF,Past guest,"Apr 24, 2022","Apr 29, 2022",451.26
Discard: Anna,Discard: Anna,HMD5Y99JHH,Past guest,"Apr 23, 2022","Apr 25, 2022",292.12
Discard: Elsa,Discard: Elsa,HMAEZEAA8Y,Past guest,"Apr 22, 2022","Apr 24, 2022",281.22
Discard: Heidi,Discard: Heidi,HMA5JPHHWC,Past guest,"Apr 21, 2022","Apr 24, 2022",350.98
Discard: Hansel,Discard: Hansel,HMF5AYD9CC,Past guest,"Apr 15, 2022","Apr 17, 2022",255.06
Discard: Anna,Discard: Anna,HMSD8FNDEZ,Past guest,"Apr 15, 2022","Apr 17, 2022",342.26
Discard: Elsa,Discard: Elsa,HMTRWWA48C,Past guest,"Apr 14, 2022","Apr 17, 2022",396.76
Discard: Anna,Discard: Anna,HMQMM5ZHZY,Past guest,"Apr 9, 2022","Apr 11, 2022",298.66
Discard: Elsa,Discard: Elsa,HMFQX9N48K,Past guest,"Apr 8, 2022","Apr 10, 2022",292.12
Discard: Gretel,Discard: Gretel,HMHPDYT432,Past guest,"Apr 7, 2022","Apr 10, 2022",323.01
Discard: Anna,Discard: Anna,HMN4WEC2H8,Past guest,"Apr 6, 2022","Apr 9, 2022",429.46
Discard: Elsa,Discard: Elsa,HMK3F58YMS,Past guest,"Apr 4, 2022","Apr 6, 2022",295.39
Discard: Gretel,Discard: Gretel,HMFX49XYPH,Past guest,"Apr 1, 2022","Apr 3, 2022",232.80
Discard: Anna,Discard: Anna,HMSHKCBS24,Past guest,"Mar 31, 2022","Apr 3, 2022",426.19
Discard: Elsa,Discard: Elsa,HM5EX8EP9M,Past guest,"Apr 1, 2022","Apr 3, 2022",373.87
Discard: Gretel,Discard: Gretel,HMK5CWA8A3,Past guest,"Mar 26, 2022","Mar 29, 2022",301.67
Discard: Hansel,Discard: Hansel,HMRAWYA8CE,Past guest,"Mar 25, 2022","Mar 27, 2022",299.75
Discard: Elsa,Discard: Elsa,HMEN43TY34,Past guest,"Mar 22, 2022","Mar 27, 2022",649.64
Discard: Heidi,Discard: Heidi,HMJSA52QQH,Past guest,"Mar 25, 2022","Mar 27, 2022",378.23
Discard: Franz,Discard: Franz,HMXTHRXC4Y,Past guest,"Mar 25, 2022","Mar 27, 2022",367.20
Discard: Gretel,Discard: Gretel,HMWJ8PRM4F,Past guest,"Mar 24, 2022","Mar 26, 2022",215.34
Discard: Elsa,Discard: Elsa,HMKJB2SZ88,Past guest,"Mar 18, 2022","Mar 20, 2022",361.88
Discard: Gretel,Discard: Gretel,HM8Z9F5SRC,Past guest,"Mar 17, 2022","Mar 19, 2022",215.34
Discard: Gretel,Discard: Gretel,HMZSMCHQ8J,Past guest,"Mar 14, 2022","Mar 17, 2022",274.51
Discard: Elsa,Discard: Elsa,HM9M82WXJD,Past guest,"Mar 14, 2022","Mar 17, 2022",467.61
Discard: Gretel,Discard: Gretel,HMR5MMKJAQ,Past guest,"Mar 12, 2022","Mar 14, 2022",226.98
Discard: Elsa,Discard: Elsa,HMQSBS9PET,Past guest,"Mar 10, 2022","Mar 13, 2022",476.33
Discard: Elsa,Discard: Elsa,HM5RWZKXER,Past guest,"Mar 4, 2022","Mar 8, 2022",564.62
Discard: Franz,Discard: Franz,HMBRWFZPAS,Past guest,"Feb 26, 2022","Feb 28, 2022",245.82
Discard: Heidi,Discard: Heidi,HM48TYTY4X,Past guest,"Feb 25, 2022","Feb 27, 2022",260.51
Discard: Gretel,Discard: Gretel,HMS9CYQKN2,Past guest,"Feb 25, 2022","Feb 27, 2022",228.92
Discard: Elsa,Discard: Elsa,HM8MESQ82K,Past guest,"Feb 21, 2022","Feb 24, 2022",422.92
Discard: Gretel,Discard: Gretel,HMR93TAJJ9,Past guest,"Feb 18, 2022","Feb 20, 2022",270.63
Discard: Franz,Discard: Franz,HMXH5RPKHP,Past guest,"Feb 18, 2022","Feb 20, 2022",303.96
Discard: Elsa,Discard: Elsa,HMQ29JCN4J,Past guest,"Feb 18, 2022","Feb 20, 2022",431.64
Discard: Franz,Discard: Franz,HMCJXXBPQD,Past guest,"Feb 12, 2022","Feb 16, 2022",385.56
Discard: Elsa,Discard: Elsa,HM9FQDEYKA,Past guest,"Feb 13, 2022","Feb 15, 2022",288.85
Discard: Gretel,Discard: Gretel,HMTRXM52RA,Past guest,"Feb 12, 2022","Feb 14, 2022",253.17
Discard: Hansel,Discard: Hansel,HMPQQFC39N,Past guest,"Feb 11, 2022","Feb 13, 2022",286.67
Discard: Elsa,Discard: Elsa,HMBF2MBH2H,Past guest,"Feb 11, 2022","Feb 13, 2022",345.53
Discard: Anna,Discard: Anna,HM2ZA9BE3F,Past guest,"Feb 11, 2022","Feb 13, 2022",315.01
Discard: Gretel,Discard: Gretel,HMZRRBSQKP,Past guest,"Feb 10, 2022","Feb 12, 2022",232.80
Discard: Gretel,Discard: Gretel,HMCBT838ZZ,Past guest,"Feb 3, 2022","Feb 6, 2022",308.46
Discard: Elsa,Discard: Elsa,HM2CD4YHSE,Past guest,"Feb 4, 2022","Feb 6, 2022",324.82
Discard: Anna,Discard: Anna,HMXDX4SYCX,Past guest,"Feb 4, 2022","Feb 6, 2022",299.75
Discard: Franz,Discard: Franz,HMXE3JTWT3,Past guest,"Jan 29, 2022","Jan 31, 2022",229.50
Discard: Elsa,Discard: Elsa,HMZYBQP38T,Past guest,"Jan 28, 2022","Jan 31, 2022",420.74
Discard: Heidi,Discard: Heidi,HM3SB92CQ3,Past guest,"Jan 21, 2022","Jan 24, 2022",327.00
Discard: Franz,Discard: Franz,HMC3APSTAX,Past guest,"Jan 21, 2022","Jan 23, 2022",238.68
Discard: Anna,Discard: Anna,HMSY3ZJ4WZ,Past guest,"Jan 21, 2022","Jan 23, 2022",284.49
Discard: Elsa,Discard: Elsa,HM4HAEJKF8,Past guest,"Jan 21, 2022","Jan 23, 2022",430.55
Discard: Anna,Discard: Anna,HMT5E9JYKF,Past guest,"Jan 16, 2022","Jan 19, 2022",350.98
Discard: Hansel,Discard: Hansel,HMXQTX4JZ4,Past guest,"Jan 14, 2022","Jan 17, 2022",356.43
Discard: Gretel,Discard: Gretel,HMS3DBH9KZ,Past guest,"Jan 15, 2022","Jan 17, 2022",244.44
Discard: Franz,Discard: Franz,HM5PKDW2F9,Past guest,"Jan 14, 2022","Jan 17, 2022",336.60
Discard: Elsa,Discard: Elsa,HM4XBRYH8J,Past guest,"Jan 15, 2022","Jan 17, 2022",430.55
Discard: Anna,Discard: Anna,HM8BF8BYAM,Past guest,"Jan 14, 2022","Jan 16, 2022",279.04
Discard: Anna,Discard: Anna,HMC5A8KQHR,Past guest,"Jan 7, 2022","Jan 11, 2022",475.24
Discard: Hansel,Discard: Hansel,HMCZFXAKB9,Past guest,"Jan 3, 2022","Jan 5, 2022",247.43
Discard: Gretel,Discard: Gretel,HMSESYW8B4,Past guest,"Dec 31, 2021","Jan 2, 2022",351.14
Discard: Hansel,Discard: Hansel,HMQNWT3TR3,Past guest,"Dec 30, 2021","Jan 1, 2022",416.38
Discard: Heidi,Discard: Heidi,HM35BMDCEK,Past guest,"Dec 26, 2021","Dec 30, 2021",788.07
Discard: Anna,Discard: Anna,HM84DMJW5K,Past guest,"Dec 27, 2021","Dec 29, 2021",299.75
Discard: Hansel,Discard: Hansel,HM3AYPWXYP,Past guest,"Dec 26, 2021","Dec 29, 2021",515.57
Discard: Elsa,Discard: Elsa,HMN3FMZ83F,Past guest,"Dec 27, 2021","Dec 29, 2021",563.53
Discard: Elsa,Discard: Elsa,HMTZXSYTKZ,Past guest,"Dec 24, 2021","Dec 27, 2021",574.43
Discard: Anna,Discard: Anna,HM9FKN54EB,Past guest,"Dec 24, 2021","Dec 27, 2021",546.09
Discard: Heidi,Discard: Heidi,HMW33CJNDA,Past guest,"Dec 23, 2021","Dec 26, 2021",493.77
Discard: Hansel,Discard: Hansel,HMCWDBPNCN,Past guest,"Dec 23, 2021","Dec 26, 2021",398.94
Discard: Franz,Discard: Franz,HMD4DP9R5E,Past guest,"Dec 22, 2021","Dec 26, 2021","1,169.94"
Discard: Elsa,Discard: Elsa,HMRZA248S3,Past guest,"Dec 20, 2021","Dec 22, 2021",510.12
Discard: Hansel,Discard: Hansel,HMHD9SQB3S,Past guest,"Dec 17, 2021","Dec 19, 2021",263.78
Discard: Anna,Discard: Anna,HMCPFRXXHM,Past guest,"Dec 16, 2021","Dec 19, 2021",454.53
Discard: Elsa,Discard: Elsa,HMDSHXZEY5,Past guest,"Dec 17, 2021","Dec 19, 2021",424.01
Discard: Heidi,Discard: Heidi,HMDBTJM43P,Past guest,"Dec 16, 2021","Dec 18, 2021",316.10
Discard: Anna,Discard: Anna,HM2S4DJTSY,Past guest,"Dec 9, 2021","Dec 16, 2021",916.04
Discard: Franz,Discard: Franz,HMCFYH9X4J,Past guest,"Dec 11, 2021","Dec 14, 2021",410.04
Discard: Hansel,Discard: Hansel,HMHXRMASNR,Past guest,"Dec 10, 2021","Dec 12, 2021",300.84
Discard: Gretel,Discard: Gretel,HMT52EYNZF,Past guest,"Dec 10, 2021","Dec 12, 2021",303.61
Discard: Elsa,Discard: Elsa,HMZSDQAYNH,Past guest,"Dec 10, 2021","Dec 12, 2021",417.47
Discard: Franz,Discard: Franz,HMK54BRWFD,Past guest,"Dec 8, 2021","Dec 11, 2021",380.46
Discard: Anna,Discard: Anna,HM3PPFBYYA,Past guest,"Dec 3, 2021","Dec 5, 2021",331.36
Discard: Elsa,Discard: Elsa,HMQB2RX29Q,Past guest,"Nov 29, 2021","Dec 2, 2021",429.46
Discard: Gretel,Discard: Gretel,HMYSJ8AHZ5,Past guest,"Nov 26, 2021","Nov 28, 2021",559.69
Discard: Elsa,Discard: Elsa,HM9JHQWSES,Past guest,"Nov 24, 2021","Nov 28, 2021","1,220.80"
Discard: Heidi,Discard: Heidi,HM5SFA8P4Z,Past guest,"Nov 25, 2021","Nov 28, 2021","1,035.50"
Discard: Gretel,Discard: Gretel,HMK4TSTH4R,Past guest,"Nov 20, 2021","Nov 26, 2021","1,081.55"
Discard: Heidi,Discard: Heidi,HMHJR52JQC,Trip change requested,"Nov 22, 2021","Nov 24, 2021",307.38
Discard: Elsa,Discard: Elsa,HMSCEYBNJ3,Past guest,"Nov 22, 2021","Nov 24, 2021",419.65
Discard: Hansel,Discard: Hansel,HMP8CR2ZJ3,Past guest,"Nov 19, 2021","Nov 21, 2021",449.08
Discard: Elsa,Discard: Elsa,HMJAJZRBZM,Past guest,"Nov 19, 2021","Nov 21, 2021",503.58
Discard: Anna,Discard: Anna,HMCA3DSFXF,Past guest,"Nov 16, 2021","Nov 20, 2021",497.04
Discard: Hansel,Discard: Hansel,HMB9MF4EWE,Past guest,"Nov 11, 2021","Nov 15, 2021",856.74
Discard: Heidi,Discard: Heidi,HMS5C4HYP5,Past guest,"Nov 11, 2021","Nov 14, 2021",671.44
Discard: Hansel,Discard: Hansel,HM2SE83FN4,Past guest,"Nov 6, 2021","Nov 8, 2021",344.44
Discard: Elsa,Discard: Elsa,HMFS9YHKWS,Past guest,"Nov 3, 2021","Nov 5, 2021",382.59
Discard: Hansel,Discard: Hansel,HMEZCQPSJH,Past guest,"Oct 29, 2021","Oct 31, 2021",499.22
Discard: Gretel,Discard: Gretel,HM5MXSEMBC,Past guest,"Oct 25, 2021","Oct 29, 2021",507.31
Discard: Franz,Discard: Franz,HM5Z285DEP,Past guest,"Oct 20, 2021","Oct 26, 2021","1,307.64"
Discard: Gretel,Discard: Gretel,HMTCAEPFQA,Past guest,"Oct 23, 2021","Oct 25, 2021",413.22
Discard: Hansel,Discard: Hansel,HMTHXPW5K5,Past guest,"Oct 21, 2021","Oct 24, 2021",752.10
Discard: Heidi,Discard: Heidi,HMBC49NTZA,Past guest,"Oct 22, 2021","Oct 24, 2021",565.71
Discard: Anna,Discard: Anna,HME2RBB2WN,Past guest,"Oct 22, 2021","Oct 24, 2021",565.71
Discard: Gretel,Discard: Gretel,HM4JYH53DS,Past guest,"Oct 19, 2021","Oct 22, 2021",416.13
Discard: Anna,Discard: Anna,HMKJSCNBQS,Past guest,"Oct 19, 2021","Oct 22, 2021",490.50
Discard: Elsa,Discard: Elsa,HMNYJRHSKN,Past guest,"Oct 18, 2021","Oct 22, 2021",671.44
Discard: Anna,Discard: Anna,HMWFW85J33,Past guest,"Oct 15, 2021","Oct 17, 2021",529.74
Discard: Hansel,Discard: Hansel,HMTWDTPANM,Past guest,"Oct 15, 2021","Oct 17, 2021",572.25
Discard: Elsa,Discard: Elsa,HMJ5WPNFC4,Past guest,"Oct 14, 2021","Oct 17, 2021",528.65
Discard: Hansel,Discard: Hansel,HMQBDQ9NMA,Past guest,"Oct 8, 2021","Oct 10, 2021",658.36
Discard: Franz,Discard: Franz,HMPF4W252D,Past guest,"Oct 8, 2021","Oct 10, 2021",726.24
Discard: Elsa,Discard: Elsa,HMRFZPW83Z,Past guest,"Oct 7, 2021","Oct 9, 2021",529.74
Discard: Elsa,Discard: Elsa,HMJKS9WF9W,Past guest,"Oct 5, 2021","Oct 7, 2021",299.75
Discard: Elsa,Discard: Elsa,HMZH8ARFF2,Past guest,"Oct 2, 2021","Oct 4, 2021",515.57
Discard: Hansel,Discard: Hansel,HM42CX5A8Y,Past guest,"Oct 1, 2021","Oct 3, 2021",437.09
Discard: Anna,Discard: Anna,HM3X28C9S8,Past guest,"Sep 23, 2021","Sep 26, 2021",620.21
Discard: Heidi,Discard: Heidi,HMEXCYDNDP,Past guest,"Sep 19, 2021","Sep 22, 2021",417.47
Discard: Elsa,Discard: Elsa,HMFBJM2YK4,Past guest,"Sep 9, 2021","Sep 12, 2021",553.72
Discard: Anna,Discard: Anna,HM8AQMXP4H,Past guest,"Sep 4, 2021","Sep 6, 2021",483.96
Discard: Elsa,Discard: Elsa,HMB8ZFXDT8,Past guest,"Sep 3, 2021","Sep 6, 2021",528.65
Discard: Elsa,Discard: Elsa,HM2PD8QFCZ,Past guest,"Aug 29, 2021","Aug 31, 2021",284.49
Discard: Hansel,Discard: Hansel,HMWMJHMRDY,Past guest,"Aug 27, 2021","Aug 29, 2021",336.81
Discard: Heidi,Discard: Heidi,HMYBJR53FB,Past guest,"Aug 26, 2021","Aug 29, 2021",434.91
Discard: Franz,Discard: Franz,HMYKWBFE84,Past guest,"Aug 27, 2021","Aug 29, 2021",343.74
Discard: Elsa,Discard: Elsa,HMJKJWT9FX,Past guest,"Aug 26, 2021","Aug 29, 2021",459.98
Discard: Hansel,Discard: Hansel,HMWDJK5WC5,Past guest,"Aug 19, 2021","Aug 24, 2021",674.71
Discard: Elsa,Discard: Elsa,HMTQQCSAPX,Past guest,"Aug 22, 2021","Aug 24, 2021",359.70
Discard: Elsa,Discard: Elsa,HM39TAXTMM,Past guest,"Aug 20, 2021","Aug 22, 2021",322.64
Discard: Heidi,Discard: Heidi,HMAARBJ9CY,Past guest,"Aug 11, 2021","Aug 16, 2021",903.61
Discard: Franz,Discard: Franz,HMJQ598HKA,Past guest,"Aug 13, 2021","Aug 15, 2021",348.84
Discard: Hansel,Discard: Hansel,HM9NEKF48E,Past guest,"Aug 13, 2021","Aug 15, 2021",367.33
Discard: Elsa,Discard: Elsa,HM35ENF3SS,Past guest,"Aug 7, 2021","Aug 11, 2021",609.31
Discard: Heidi,Discard: Heidi,HMCQDJFQQ8,Past guest,"Aug 9, 2021","Aug 11, 2021",341.17
Discard: Franz,Discard: Franz,HMCNETKQ93,Past guest,"Aug 5, 2021","Aug 7, 2021",373.32
Discard: Elsa,Discard: Elsa,HMF58W55DC,Past guest,"Aug 5, 2021","Aug 7, 2021",359.70
Discard: Anna,Discard: Anna,HM3JPNY3FF,Past guest,"Aug 4, 2021","Aug 6, 2021",327.00
Discard: Heidi,Discard: Heidi,HM2HHNYXZX,Past guest,"Jul 31, 2021","Aug 2, 2021",494.86
Discard: Anna,Discard: Anna,HMEA9QHB8W,Past guest,"Jul 30, 2021","Aug 1, 2021",491.59
Discard: Elsa,Discard: Elsa,HMRC2Q254Y,Past guest,"Jul 30, 2021","Aug 1, 2021",359.70
Discard: Heidi,Discard: Heidi,HMF42EZZYA,Past guest,"Jul 24, 2021","Jul 26, 2021",409.84
Discard: Elsa,Discard: Elsa,HMX89FBQJ3,Past guest,"Jul 23, 2021","Jul 26, 2021",512.30
Discard: Franz,Discard: Franz,HMYY9T9CT8,Past guest,"Jul 23, 2021","Jul 25, 2021",365.16
Discard: Hansel,Discard: Hansel,HMYPXQ89T5,Past guest,"Jul 23, 2021","Jul 25, 2021",359.70
Discard: Anna,Discard: Anna,HMNR8NTXKJ,Past guest,"Jul 23, 2021","Jul 25, 2021",359.70
Discard: Heidi,Discard: Heidi,HMKDCCTCY2,Past guest,"Jul 22, 2021","Jul 24, 2021",359.70
Discard: Elsa,Discard: Elsa,HM98CFCQZY,Past guest,"Jul 18, 2021","Jul 20, 2021",359.70
Discard: Anna,Discard: Anna,HM4KPE232N,Past guest,"Jul 16, 2021","Jul 18, 2021",359.70
Discard: Heidi,Discard: Heidi,HMKYZKP3XP,Past guest,"Jul 16, 2021","Jul 18, 2021",359.70
Discard: Elsa,Discard: Elsa,HMX5PRZZAZ,Past guest,"Jul 15, 2021","Jul 18, 2021",512.30
Discard: Franz,Discard: Franz,HMZ8HK4NKF,Past guest,"Jul 9, 2021","Jul 12, 2021",522.24
Discard: Heidi,Discard: Heidi,HM5FYCF44E,Past guest,"Jul 9, 2021","Jul 11, 2021",359.70
Discard: Anna,Discard: Anna,HMNQZCRAZW,Past guest,"Jul 9, 2021","Jul 11, 2021",359.70
Discard: Elsa,Discard: Elsa,HMW9QNEPSN,Past guest,"Jul 9, 2021","Jul 11, 2021",359.70
Discard: Elsa,Discard: Elsa,HMY52AH54J,Past guest,"Jul 7, 2021","Jul 9, 2021",359.70
Discard: Elsa,Discard: Elsa,HMZXZ8WMM8,Past guest,"Jul 3, 2021","Jul 6, 2021",528.65
Discard: Anna,Discard: Anna,HMH34MK4M3,Past guest,"Jul 2, 2021","Jul 5, 2021",528.65
Discard: Elsa,Discard: Elsa,HM9P45YZND,Past guest,"Jun 29, 2021","Jul 3, 2021",675.80
Discard: Elsa,Discard: Elsa,HMJDB9ZJDE,Past guest,"Jun 27, 2021","Jun 29, 2021",359.70
Discard: Heidi,Discard: Heidi,HMWE34AD45,Past guest,"Jun 25, 2021","Jun 27, 2021",359.70
Discard: Anna,Discard: Anna,HMR44TDTWR,Past guest,"Jun 25, 2021","Jun 27, 2021",359.70
Discard: Franz,Discard: Franz,HMBYWRQESM,Past guest,"Jun 25, 2021","Jun 27, 2021",365.16
Discard: Elsa,Discard: Elsa,HMRSPECBB5,Past guest,"Jun 25, 2021","Jun 27, 2021",359.70
Discard: Anna,Discard: Anna,HME4QTHC5H,Past guest,"Jun 17, 2021","Jun 21, 2021",664.90
Discard: Franz,Discard: Franz,HMQMN42FAD,Past guest,"Jun 18, 2021","Jun 21, 2021",522.24
Discard: Hansel,Discard: Hansel,HM2NRTZYES,Past guest,"Jun 18, 2021","Jun 20, 2021",359.70
Discard: Heidi,Discard: Heidi,HMEWZMP2WN,Past guest,"Jun 18, 2021","Jun 20, 2021",359.70
Discard: Elsa,Discard: Elsa,HM399KWH4B,Past guest,"Jun 18, 2021","Jun 20, 2021",359.70
Discard: Elsa,Discard: Elsa,HM8J9Y5FDW,Past guest,"Jun 14, 2021","Jun 18, 2021",664.90
Discard: Hansel,Discard: Hansel,HMNPP3HSJK,Past guest,"Jun 11, 2021","Jun 13, 2021",359.70
Discard: Anna,Discard: Anna,HMBF55QJWM,Past guest,"Jun 11, 2021","Jun 13, 2021",359.70
Discard: Elsa,Discard: Elsa,HMFBFS58F3,Past guest,"Jun 4, 2021","Jun 6, 2021",359.70
Discard: Hansel,Discard: Hansel,HM8XN4MBEJ,Past guest,"May 28, 2021","May 31, 2021",528.65
Discard: Franz,Discard: Franz,HMK388B3EQ,Past guest,"May 28, 2021","May 31, 2021",537.54
Discard: Heidi,Discard: Heidi,HMR2MRA8X8,Past guest,"May 28, 2021","May 31, 2021",512.30
Discard: Elsa,Discard: Elsa,HM24JXZ3FE,Past guest,"May 28, 2021","May 30, 2021",359.70
Discard: Elsa,Discard: Elsa,HMBPC2QHDF,Past guest,"May 20, 2021","May 23, 2021",523.20
Discard: Elsa,Discard: Elsa,HMEWKY4WNR,Past guest,"May 14, 2021","May 16, 2021",359.70
Discard: Franz,Discard: Franz,HMBJEWPQST,Past guest,"May 7, 2021","May 9, 2021",365.16
Discard: Elsa,Discard: Elsa,HMWSEP8RCC,Past guest,"May 7, 2021","May 9, 2021",359.70
Discard: Elsa,Discard: Elsa,HMM9RQTYHC,Past guest,"Apr 30, 2021","May 3, 2021",512.30
Discard: Hansel,Discard: Hansel,HM4CP43JQE,Past guest,"Apr 23, 2021","Apr 25, 2021",359.70
Discard: Elsa,Discard: Elsa,HMFFWYTTQP,Past guest,"Apr 23, 2021","Apr 25, 2021",359.70
Discard: Heidi,Discard: Heidi,HM9EBRMSXC,Past guest,"Apr 16, 2021","Apr 18, 2021",359.70
Discard: Anna,Discard: Anna,HMX49EEAK5,Past guest,"Apr 16, 2021","Apr 18, 2021",359.70
Discard: Elsa,Discard: Elsa,HMFDB4JXXP,Past guest,"Apr 16, 2021","Apr 18, 2021",359.70
Discard: Elsa,Discard: Elsa,HMA8BMJP2K,Past guest,"Apr 9, 2021","Apr 11, 2021",359.70
Discard: Franz,Discard: Franz,HM4DDNE9WM,Past guest,"Apr 8, 2021","Apr 11, 2021",522.24
Discard: Anna,Discard: Anna,HMAXN23P5Z,Past guest,"Apr 9, 2021","Apr 11, 2021",359.70
Discard: Elsa,Discard: Elsa,HM8Z458MD5,Past guest,"Apr 7, 2021","Apr 9, 2021",359.70
Discard: Elsa,Discard: Elsa,HM9TES5EFT,Past guest,"Apr 1, 2021","Apr 5, 2021",664.90
Discard: Hansel,Discard: Hansel,HMNT9HSBME,Past guest,"Apr 2, 2021","Apr 4, 2021",359.70
Discard: Franz,Discard: Franz,HMAZSFZE4H,Past guest,"Apr 2, 2021","Apr 4, 2021",365.16
Discard: Anna,Discard: Anna,HMXBKRCZ8N,Past guest,"Apr 2, 2021","Apr 4, 2021",359.70
Discard: Hansel,Discard: Hansel,HMZK2KSSRH,Past guest,"Mar 26, 2021","Mar 29, 2021",512.30
Discard: Elsa,Discard: Elsa,HMTNAPHHTB,Past guest,"Mar 27, 2021","Mar 29, 2021",359.70
Discard: Heidi,Discard: Heidi,HMYSQRKCJJ,Past guest,"Mar 26, 2021","Mar 28, 2021",359.70
Discard: Anna,Discard: Anna,HMAEEFX2JT,Past guest,"Mar 26, 2021","Mar 28, 2021",359.70
Discard: Elsa,Discard: Elsa,HMTCMP325D,Past guest,"Mar 25, 2021","Mar 27, 2021",359.70
Discard: Heidi,Discard: Heidi,HMBPNMR2HM,Past guest,"Mar 19, 2021","Mar 21, 2021",359.70
Discard: Anna,Discard: Anna,HMT2RCJX3X,Past guest,"Mar 19, 2021","Mar 21, 2021",359.70
Discard: Hansel,Discard: Hansel,HMRNTQMSTZ,Past guest,"Mar 19, 2021","Mar 21, 2021",359.70
Discard: Elsa,Discard: Elsa,HMYFY8Z99P,Past guest,"Mar 15, 2021","Mar 17, 2021",359.70
Discard: Heidi,Discard: Heidi,HMPBH4RPFR,Past guest,"Mar 13, 2021","Mar 15, 2021",359.70
Discard: Hansel,Discard: Hansel,HMHANBSRKN,Past guest,"Mar 12, 2021","Mar 14, 2021",359.70
Discard: Anna,Discard: Anna,HMZAAK2K2J,Past guest,"Mar 12, 2021","Mar 14, 2021",359.70
Discard: Elsa,Discard: Elsa,HMTRBHMPAW,Past guest,"Mar 12, 2021","Mar 14, 2021",359.70
Discard: Heidi,Discard: Heidi,HMD8PJKA45,Past guest,"Mar 5, 2021","Mar 7, 2021",359.70
Discard: Anna,Discard: Anna,HMY2M5B8FC,Past guest,"Mar 4, 2021","Mar 7, 2021",512.30
Discard: Elsa,Discard: Elsa,HM5ZKRCQM4,Past guest,"Mar 5, 2021","Mar 7, 2021",359.70
Discard: Anna,Discard: Anna,HM4Z3CB3B5,Past guest,"Feb 26, 2021","Feb 28, 2021",359.70
Discard: Elsa,Discard: Elsa,HMY9Y33P9B,Trip change requested,"Feb 26, 2021","Feb 28, 2021",359.70
Discard: Elsa,Discard: Elsa,HMH4N85J3M,Past guest,"Feb 20, 2021","Feb 22, 2021",359.70
Discard: Anna,Discard: Anna,HMZCE9BCPZ,Past guest,"Feb 19, 2021","Feb 22, 2021",512.30
Discard: Heidi,Discard: Heidi,HMR4NESMWF,Past guest,"Feb 19, 2021","Feb 21, 2021",359.70
Discard: Hansel,Discard: Hansel,HMETRJXQ88,Past guest,"Feb 18, 2021","Feb 21, 2021",512.30
Discard: Elsa,Discard: Elsa,HMF5N8RABS,Past guest,"Feb 18, 2021","Feb 20, 2021",359.70
Discard: Elsa,Discard: Elsa,HM9HF32MWW,Past guest,"Feb 14, 2021","Feb 16, 2021",359.70
Discard: Franz,Discard: Franz,HMWJ3TJRYE,Past guest,"Feb 13, 2021","Feb 15, 2021",365.16
Discard: Hansel,Discard: Hansel,HMNSREQA3T,Past guest,"Feb 13, 2021","Feb 15, 2021",359.70
Discard: Heidi,Discard: Heidi,HMY9MRXPHN,Past guest,"Feb 12, 2021","Feb 14, 2021",359.70
Discard: Elsa,Discard: Elsa,HM4NPDZ4ZK,Past guest,"Feb 12, 2021","Feb 14, 2021",359.70
Discard: Anna,Discard: Anna,HMBZMSS8PZ,Past guest,"Feb 12, 2021","Feb 14, 2021",359.70
Discard: Heidi,Discard: Heidi,HM5EZ9ESTZ,Past guest,"Feb 5, 2021","Feb 9, 2021",664.90
Discard: Anna,Discard: Anna,HMDFB9ZC5B,Past guest,"Feb 5, 2021","Feb 7, 2021",359.70
Discard: Franz,Discard: Franz,HM55QJSXAZ,Past guest,"Feb 5, 2021","Feb 7, 2021",365.16
Discard: Elsa,Discard: Elsa,HMKWP3Z4FM,Past guest,"Jan 29, 2021","Jan 31, 2021",359.70
Discard: Heidi,Discard: Heidi,HM8ZBEN829,Past guest,"Jan 22, 2021","Jan 24, 2021",359.70
Discard: Elsa,Discard: Elsa,HMDZ3S222A,Past guest,"Jan 22, 2021","Jan 24, 2021",359.70
Discard: Elsa,Discard: Elsa,HMHY9R3JK8,Past guest,"Jan 17, 2021","Jan 19, 2021",359.70
Discard: Hansel,Discard: Hansel,HM2WHS4D88,Past guest,"Jan 16, 2021","Jan 18, 2021",359.70
Discard: Heidi,Discard: Heidi,HMWNMMBABC,Past guest,"Jan 15, 2021","Jan 18, 2021",512.30
Discard: Elsa,Discard: Elsa,HMSMDN23DH,Past guest,"Jan 15, 2021","Jan 17, 2021",359.70
Discard: Elsa,Discard: Elsa,HMHE3FNKXZ,Past guest,"Jan 8, 2021","Jan 10, 2021",359.70
Discard: Franz,Discard: Franz,HM3YRHMJB9,Past guest,"Jan 1, 2021","Jan 4, 2021",537.54
Discard: Hansel,Discard: Hansel,HMHRW8AE24,Past guest,"Dec 31, 2020","Jan 3, 2021",528.65
Discard: Elsa,Discard: Elsa,HMF98HKZJR,Past guest,"Dec 29, 2020","Jan 2, 2021",686.70
Discard: Franz,Discard: Franz,HMYMPYY5HQ,Past guest,"Dec 24, 2020","Jan 1, 2021","1,218.70"
Discard: Hansel,Discard: Hansel,HM2TAXX2MY,Past guest,"Dec 28, 2020","Dec 31, 2020",528.65
Discard: Heidi,Discard: Heidi,HMFZXMKWPP,Past guest,"Dec 27, 2020","Dec 30, 2020",528.65
Discard: Elsa,Discard: Elsa,HMKHNKXC95,Past guest,"Dec 24, 2020","Dec 28, 2020",686.70
Discard: Heidi,Discard: Heidi,HMMRNWJSJZ,Past guest,"Dec 23, 2020","Dec 27, 2020",686.70
Discard: Heidi,Discard: Heidi,HM8H9Q5YCB,Past guest,"Dec 20, 2020","Dec 23, 2020",528.65
Discard: Hansel,Discard: Hansel,HMX82N4NH3,Past guest,"Dec 18, 2020","Dec 20, 2020",359.70
Discard: Heidi,Discard: Heidi,HMS8WTJ24F,Past guest,"Dec 18, 2020","Dec 20, 2020",359.70
Discard: Heidi,Discard: Heidi,HMRKHDDAXJ,Past guest,"Dec 11, 2020","Dec 13, 2020",359.70
Discard: Anna,Discard: Anna,HM9QP8C522,Past guest,"Dec 11, 2020","Dec 13, 2020",359.70
Discard: Anna,Discard: Anna,HM4Y2PTEW9,Past guest,"Dec 3, 2020","Dec 6, 2020",512.30
Discard: Heidi,Discard: Heidi,HMZ2J2BM94,Past guest,"Dec 4, 2020","Dec 6, 2020",359.70
Discard: Franz,Discard: Franz,HMR9BSSQFN,Past guest,"Dec 3, 2020","Dec 6, 2020",522.24
Discard: Elsa,Discard: Elsa,HMJBEQ8YAP,Past guest,"Dec 4, 2020","Dec 6, 2020",359.70
Discard: Elsa,Discard: Elsa,HMNQPMMTAK,Past guest,"Nov 29, 2020","Dec 2, 2020",517.75
Discard: Anna,Discard: Anna,HMH5JY3F22,Past guest,"Nov 27, 2020","Dec 1, 2020",681.25
Discard: Elsa,Discard: Elsa,HMNZWKXEXS,Past guest,"Nov 21, 2020","Nov 25, 2020",675.80
Discard: Hansel,Discard: Hansel,HMCB2ESE8K,Past guest,"Nov 18, 2020","Nov 23, 2020",801.15
Discard: Franz,Discard: Franz,HMS8HB83A5,Past guest,"Nov 20, 2020","Nov 22, 2020",365.16
Discard: Franz,Discard: Franz,HMSPSW8W23,Past guest,"Nov 13, 2020","Nov 15, 2020",365.16
Discard: Elsa,Discard: Elsa,HMQ9ZFE49D,Past guest,"Nov 11, 2020","Nov 14, 2020",495.95
Discard: Elsa,Discard: Elsa,HMQDNM8K5E,Past guest,"Nov 7, 2020","Nov 10, 2020",495.95
Discard: Anna,Discard: Anna,HM5PDSQK2B,Past guest,"Nov 7, 2020","Nov 9, 2020",348.80
Discard: Hansel,Discard: Hansel,HM5MHFKZZC,Past guest,"Nov 6, 2020","Nov 8, 2020",348.80
Discard: Elsa,Discard: Elsa,HM4A2X3X3B,Past guest,"Nov 2, 2020","Nov 7, 2020",790.25
Discard: Anna,Discard: Anna,HM332RDTH5,Past guest,"Nov 1, 2020","Nov 7, 2020",937.40
Discard: Franz,Discard: Franz,HMQESTDFRC,Past guest,"Oct 29, 2020","Oct 31, 2020",375.36
Discard: Elsa,Discard: Elsa,HMND3KJ5NJ,Past guest,"Oct 25, 2020","Oct 28, 2020",528.65
Discard: Anna,Discard: Anna,HMH3WZKFC4,Past guest,"Oct 22, 2020","Oct 25, 2020",528.65
Discard: Heidi,Discard: Heidi,HMRYTDZJZX,Past guest,"Oct 22, 2020","Oct 25, 2020",528.65
Discard: Anna,Discard: Anna,HMDX4KJCXN,Past guest,"Oct 15, 2020","Oct 18, 2020",528.65
Discard: Franz,Discard: Franz,HM3XBZNB9P,Past guest,"Oct 10, 2020","Oct 13, 2020",537.54
Discard: Hansel,Discard: Hansel,HMR93XPWKF,Past guest,"Oct 9, 2020","Oct 12, 2020",528.65
Discard: Franz,Discard: Franz,HMY5NKCS98,Past guest,"Oct 6, 2020","Oct 10, 2020",699.72
Discard: Heidi,Discard: Heidi,HMXTR23ZBX,Past guest,"Oct 4, 2020","Oct 10, 2020","1,002.80"
Discard: Franz,Discard: Franz,HMXKJFRBFE,Past guest,"Oct 2, 2020","Oct 6, 2020",699.72
Discard: Anna,Discard: Anna,HMZZNMQC3J,Past guest,"Oct 2, 2020","Oct 5, 2020",528.65
Discard: Elsa,Discard: Elsa,HM9BHTX9XH,Past guest,"Oct 2, 2020","Oct 5, 2020",528.65
Discard: Franz,Discard: Franz,HM5W5JZQFJ,Past guest,"Sep 25, 2020","Sep 28, 2020",506.94
Discard: Elsa,Discard: Elsa,HMSRFQD3CN,Past guest,"Sep 25, 2020","Sep 27, 2020",348.80
Discard: Anna,Discard: Anna,HMSANCTBDE,Past guest,"Sep 25, 2020","Sep 27, 2020",348.80
Discard: Heidi,Discard: Heidi,HM2QQQXTF3,Past guest,"Sep 18, 2020","Sep 21, 2020",495.95
Discard: Anna,Discard: Anna,HMF2RSP3ME,Past guest,"Sep 18, 2020","Sep 20, 2020",348.80
Discard: Elsa,Discard: Elsa,HM2HTDDN3S,Past guest,"Sep 17, 2020","Sep 20, 2020",495.95
Discard: Elsa,Discard: Elsa,HMHKAJWQYW,Past guest,"Sep 12, 2020","Sep 14, 2020",327.00
Discard: Hansel,Discard: Hansel,HM3MY942TD,Past guest,"Sep 4, 2020","Sep 7, 2020",463.25
Discard: Anna,Discard: Anna,HMRKDE8BDR,Past guest,"Sep 4, 2020","Sep 7, 2020",463.25
Discard: Franz,Discard: Franz,HMHZ3RSDDD,Past guest,"Sep 3, 2020","Sep 6, 2020",537.54
Discard: Heidi,Discard: Heidi,HMA3P2TWPY,Past guest,"Sep 3, 2020","Sep 6, 2020",463.25
Discard: Elsa,Discard: Elsa,HM5X4CS8BF,Past guest,"Sep 2, 2020","Sep 5, 2020",517.75
Discard: Anna,Discard: Anna,HMSDD85F4Q,Past guest,"Aug 28, 2020","Aug 30, 2020",348.80
Discard: Heidi,Discard: Heidi,HMDNDRX5BZ,Past guest,"Aug 27, 2020","Aug 30, 2020",495.95
Discard: Elsa,Discard: Elsa,HM2KXXNWC9,Past guest,"Aug 26, 2020","Aug 30, 2020",599.50
Discard: Hansel,Discard: Hansel,HMT9MKET28,Past guest,"Aug 21, 2020","Aug 23, 2020",327.00
Discard: Anna,Discard: Anna,HM9DMECBMA,Past guest,"Aug 21, 2020","Aug 23, 2020",327.00
Discard: Elsa,Discard: Elsa,HM38MDRZXT,Past guest,"Aug 10, 2020","Aug 13, 2020",430.55
Discard: Heidi,Discard: Heidi,HMNSR35TAH,Past guest,"Aug 9, 2020","Aug 11, 2020",327.00
Discard: Hansel,Discard: Hansel,HMFAXPWTHW,Past guest,"Aug 7, 2020","Aug 9, 2020",305.20
Discard: Heidi,Discard: Heidi,HMBC82K8FT,Past guest,"Aug 7, 2020","Aug 9, 2020",305.20
Discard: Anna,Discard: Anna,HMQDDF2Q9T,Past guest,"Aug 2, 2020","Aug 9, 2020",844.20
Discard: Elsa,Discard: Elsa,HMNFPQAQ3H,Past guest,"Aug 7, 2020","Aug 9, 2020",305.20
Discard: Heidi,Discard: Heidi,HMBH52NHMZ,Past guest,"Aug 5, 2020","Aug 7, 2020",327.00
Discard: Elsa,Discard: Elsa,HMFNWXR25P,Past guest,"Aug 4, 2020","Aug 7, 2020",430.55
Discard: Heidi,Discard: Heidi,HMZRHATRJW,Past guest,"Aug 3, 2020","Aug 5, 2020",305.20
Discard: Hansel,Discard: Hansel,HMBPN35MBT,Past guest,"Jul 31, 2020","Aug 3, 2020",430.55
Discard: Heidi,Discard: Heidi,HM3JHNESMB,Past guest,"Aug 1, 2020","Aug 3, 2020",305.20
Discard: Anna,Discard: Anna,HMA9CWM4M3,Past guest,"Jul 31, 2020","Aug 2, 2020",305.20
Discard: Heidi,Discard: Heidi,HMQ2XKWZSY,Past guest,"Jul 29, 2020","Aug 1, 2020",430.55
Discard: Anna,Discard: Anna,HMP9K2QTAE,Past guest,"Jul 25, 2020","Jul 27, 2020",305.20
Discard: Heidi,Discard: Heidi,HM4WYKRKYX,Past guest,"Jul 23, 2020","Jul 26, 2020",430.55
Discard: Hansel,Discard: Hansel,HMHF8H83CQ,Past guest,"Jul 22, 2020","Jul 26, 2020",555.90
Discard: Anna,Discard: Anna,HMZEYESFJ9,Past guest,"Jul 22, 2020","Jul 25, 2020",430.55
Discard: Heidi,Discard: Heidi,HMJSA89JFM,Past guest,"Jul 20, 2020","Jul 22, 2020",305.20
Discard: Anna,Discard: Anna,HMABA2F2Y2,Past guest,"Jul 17, 2020","Jul 21, 2020",555.90
Discard: Hansel,Discard: Hansel,HM358EWR4D,Past guest,"Jul 15, 2020","Jul 19, 2020",555.90
Discard: Elsa,Discard: Elsa,HM9CW9TJ8F,Past guest,"Jul 17, 2020","Jul 19, 2020",305.20
Discard: Elsa,Discard: Elsa,HMXTH4S5PF,Past guest,"Jul 13, 2020","Jul 15, 2020",305.20
Discard: Elsa,Discard: Elsa,HMHFWZWYJR,Past guest,"Jul 10, 2020","Jul 13, 2020",430.55
Discard: Anna,Discard: Anna,HMJ3RXB85S,Past guest,"Jul 8, 2020","Jul 12, 2020",555.90
Discard: Heidi,Discard: Heidi,HMMPSWSY2Z,Past guest,"Jul 4, 2020","Jul 11, 2020",964.65
Discard: Hansel,Discard: Hansel,HMNEMTJ4ZE,Past guest,"Jul 8, 2020","Jul 10, 2020",305.20
Discard: Anna,Discard: Anna,HMEZCSNTSW,Past guest,"Jul 3, 2020","Jul 6, 2020",463.25
Discard: Elsa,Discard: Elsa,HMPXDPDHZF,Past guest,"Jul 3, 2020","Jul 6, 2020",463.25
Discard: Hansel,Discard: Hansel,HMY4PB4KPQ,Past guest,"Jul 2, 2020","Jul 5, 2020",463.25
Discard: Heidi,Discard: Heidi,HMZPRAY5XB,Past guest,"Jun 27, 2020","Jul 4, 2020",953.75
Discard: Elsa,Discard: Elsa,HMWMWCFF9H,Past guest,"Jun 30, 2020","Jul 3, 2020",441.45
Discard: Elsa,Discard: Elsa,HMAPYJXFDJ,Past guest,"Jun 26, 2020","Jun 30, 2020",555.90
Discard: Hansel,Discard: Hansel,HM3YCR5TAY,Past guest,"Jun 25, 2020","Jun 27, 2020",305.20
Discard: Elsa,Discard: Elsa,HMPSWZK9X9,Past guest,"Jun 24, 2020","Jun 26, 2020",305.20
Discard: Hansel,Discard: Hansel,HM3JSSZEDD,Past guest,"Jun 18, 2020","Jun 21, 2020",430.55
Discard: Hansel,Discard: Hansel,HMBS48FACW,Past guest,"Jun 11, 2020","Jun 14, 2020",430.55
Discard: Hansel,Discard: Hansel,HMPDJMBZ9Y,Past guest,"Jun 4, 2020","Jun 7, 2020",430.55
Discard: Heidi,Discard: Heidi,HMHQ9KDHAE,Past guest,"Jun 5, 2020","Jun 7, 2020",305.20
Discard: Elsa,Discard: Elsa,HMWX5C4NAF,Past guest,"Jun 5, 2020","Jun 7, 2020",305.20
Discard: Hansel,Discard: Hansel,HMREEMMHR2,Past guest,"May 29, 2020","May 31, 2020",305.20
Discard: Elsa,Discard: Elsa,HMMNSTK9RH,Past guest,"May 29, 2020","May 31, 2020",305.20
Discard: Heidi,Discard: Heidi,HMWQBMTPX9,Past guest,"May 29, 2020","May 31, 2020",305.20
Discard: Heidi,Discard: Heidi,HM5BKMTPZ5,Past guest,"May 23, 2020","May 26, 2020",463.25
Discard: Hansel,Discard: Hansel,HMEM2N4M5Z,Past guest,"May 16, 2020","May 24, 2020",986.45
Discard: Heidi,Discard: Heidi,HMJYHKB8HN,Past guest,"May 15, 2020","May 17, 2020",305.20
Discard: Elsa,Discard: Elsa,HMWWJXMJYF,Past guest,"May 2, 2020","May 4, 2020",305.20
Discard: Elsa,Discard: Elsa,HM3NFQH8DF,Past guest,"Apr 25, 2020","Apr 30, 2020",681.25
Discard: Elsa,Discard: Elsa,HMYKZD5JPC,Past guest,"Mar 19, 2020","Mar 22, 2020",383.15
Discard: Elsa,Discard: Elsa,HMBPAE4AT4,Past guest,"Mar 13, 2020","Mar 15, 2020",271.60
Discard: Elsa,Discard: Elsa,HM3D4HZNSB,Past guest,"Mar 11, 2020","Mar 13, 2020",271.60
Discard: Elsa,Discard: Elsa,HMWJMZMDPP,Past guest,"Mar 6, 2020","Mar 8, 2020",271.60
Discard: Elsa,Discard: Elsa,HMFMM8W8TZ,Past guest,"Feb 28, 2020","Mar 1, 2020",271.60
Discard: Elsa,Discard: Elsa,HMWASNBMJW,Past guest,"Feb 21, 2020","Feb 23, 2020",271.60
Discard: Anna,Discard: Anna,HMMBH5NWWF,Past guest,"Feb 14, 2020","Feb 16, 2020",271.60
Discard: Heidi,Discard: Heidi,HMSSDMRMXM,Past guest,"Feb 14, 2020","Feb 16, 2020",271.60
Discard: Elsa,Discard: Elsa,HMKJPX3QWS,Past guest,"Jan 31, 2020","Feb 2, 2020",271.60
Discard: Elsa,Discard: Elsa,HMYYSBN9J3,Past guest,"Jan 22, 2020","Jan 24, 2020",271.60
Discard: Anna,Discard: Anna,HMZB2JYNSX,Past guest,"Jan 17, 2020","Jan 20, 2020",383.15
Discard: Elsa,Discard: Elsa,HMY33C9F8W,Past guest,"Jan 17, 2020","Jan 19, 2020",271.60
Discard: Anna,Discard: Anna,HMWW2BDNNA,Past guest,"Jan 10, 2020","Jan 12, 2020",271.60
Discard: Anna,Discard: Anna,HMAC23B9PX,Past guest,"Jan 3, 2020","Jan 5, 2020",271.60
Discard: Elsa,Discard: Elsa,HMAEC9B9W4,Past guest,"Jan 3, 2020","Jan 5, 2020",271.60
Discard: Heidi,Discard: Heidi,HM5BT2S5M2,Past guest,"Dec 31, 2019","Jan 4, 2020",533.50
Discard: Anna,Discard: Anna,HMFKDKWQMM,Past guest,"Dec 31, 2019","Jan 3, 2020",421.95
Discard: Heidi,Discard: Heidi,HMAFAX9QCA,Past guest,"Dec 25, 2019","Dec 28, 2019",441.35
Discard: Anna,Discard: Anna,HMAN2YDJQA,Past guest,"Dec 24, 2019","Dec 27, 2019",441.35
Discard: Elsa,Discard: Elsa,HMQ39KF92R,Past guest,"Dec 19, 2019","Dec 22, 2019",421.95
Discard: Heidi,Discard: Heidi,HMMRQADHJR,Past guest,"Dec 13, 2019","Dec 15, 2019",271.60
Discard: Heidi,Discard: Heidi,HMAH5SWJDB,Past guest,"Dec 6, 2019","Dec 8, 2019",271.60
Discard: Anna,Discard: Anna,HMAHQTHPC3,Past guest,"Dec 6, 2019","Dec 8, 2019",271.60
Discard: Elsa,Discard: Elsa,HMAC4SNDEA,Past guest,"Dec 6, 2019","Dec 8, 2019",271.60
Discard: Heidi,Discard: Heidi,HMAMEBFHZZ,Past guest,"Nov 28, 2019","Dec 1, 2019",441.35
Discard: Anna,Discard: Anna,HMAPXSJDPW,Past guest,"Nov 27, 2019","Nov 30, 2019",441.35
Discard: Elsa,Discard: Elsa,HMAAR3QMZT,Past guest,"Nov 15, 2019","Nov 17, 2019",271.60
Discard: Anna,Discard: Anna,HMAKRSC5F2,Past guest,"Nov 15, 2019","Nov 17, 2019",271.60
Discard: Heidi,Discard: Heidi,HMAA2Y4BWZ,Past guest,"Nov 14, 2019","Nov 16, 2019",271.60
Discard: Heidi,Discard: Heidi,HMAHCJR4QW,Past guest,"Nov 9, 2019","Nov 11, 2019",271.60
Discard: Anna,Discard: Anna,HMAHFZXCWW,Past guest,"Nov 8, 2019","Nov 10, 2019",271.60
Discard: Elsa,Discard: Elsa,HMAQ8EE4RJ,Past guest,"Nov 1, 2019","Nov 3, 2019",271.60
Discard: Elsa,Discard: Elsa,HMAAHTPB3Y,Past guest,"Oct 18, 2019","Oct 21, 2019",455.90
Discard: Anna,Discard: Anna,HMRB8JZH3C,Past guest,"Oct 11, 2019","Oct 14, 2019",455.90
Discard: Heidi,Discard: Heidi,HMABSNQK4T,Past guest,"Oct 10, 2019","Oct 13, 2019",455.90
Discard: Elsa,Discard: Elsa,HMAHHHCHCJ,Past guest,"Sep 27, 2019","Sep 29, 2019",271.60
Discard: Anna,Discard: Anna,HMAB29ZR23,Past guest,"Sep 26, 2019","Sep 28, 2019",271.60
Discard: Anna,Discard: Anna,HMARHE3H2K,Past guest,"Sep 20, 2019","Sep 22, 2019",271.60
Discard: Elsa,Discard: Elsa,HMAJPJWNW2,Past guest,"Sep 7, 2019","Sep 9, 2019",271.60
Discard: Elsa,Discard: Elsa,HMAD5N2PT4,Past guest,"Aug 30, 2019","Sep 2, 2019",441.35
Discard: Heidi,Discard: Heidi,HMAP3XQ5WZ,Past guest,"Aug 30, 2019","Sep 1, 2019",310.40
Discard: Anna,Discard: Anna,HMAERXXBWT,Past guest,"Aug 17, 2019","Aug 21, 2019",494.70
Discard: Elsa,Discard: Elsa,HMAQ3AWWX3,Past guest,"Aug 9, 2019","Aug 11, 2019",271.60
Discard: Anna,Discard: Anna,HMAMT99EYS,Past guest,"Aug 2, 2019","Aug 5, 2019",383.15
Discard: Elsa,Discard: Elsa,HMAME5MHYY,Past guest,"Aug 2, 2019","Aug 4, 2019",271.60
Discard: Heidi,Discard: Heidi,HMADBRYFAW,Past guest,"Jul 26, 2019","Jul 28, 2019",271.60
Discard: Anna,Discard: Anna,HMARZ5YAPH,Past guest,"Jul 26, 2019","Jul 28, 2019",271.60
Discard: Heidi,Discard: Heidi,HMAQKQWAN2,Past guest,"Jul 19, 2019","Jul 21, 2019",271.60
Discard: Anna,Discard: Anna,HMAMMQWKYM,Past guest,"Jul 19, 2019","Jul 21, 2019",271.60
Discard: Elsa,Discard: Elsa,HMAQKQ53CF,Past guest,"Jul 12, 2019","Jul 14, 2019",271.60
Discard: Heidi,Discard: Heidi,HMARESXKJH,Past guest,"Jun 28, 2019","Jun 30, 2019",271.60
Discard: Heidi,Discard: Heidi,HMADS9P5ZE,Past guest,"Jun 21, 2019","Jun 23, 2019",271.60
Discard: Heidi,Discard: Heidi,HMAJ4QTYCC,Past guest,"Jun 7, 2019","Jun 9, 2019",271.60
Discard: Elsa,Discard: Elsa,HMAAMJ4PH4,Past guest,"May 24, 2019","May 27, 2019",441.35
Discard: Anna,Discard: Anna,HMACZQAXBW,Past guest,"Apr 24, 2019","Apr 27, 2019",383.15
Discard: Elsa,Discard: Elsa,HMJPT3WZKQ,Past guest,"Apr 12, 2019","Apr 14, 2019",271.60
Discard: Anna,Discard: Anna,HMAMDD29CA,Past guest,"Apr 5, 2019","Apr 8, 2019",383.15
Discard: Heidi,Discard: Heidi,HMJCF4YNRP,Past guest,"Mar 21, 2019","Mar 24, 2019",383.15
Discard: Anna,Discard: Anna,HMABSTHSRX,Past guest,"Mar 16, 2019","Mar 18, 2019",271.60
Discard: Elsa,Discard: Elsa,HMMNZ3JY3A,Past guest,"Mar 8, 2019","Mar 10, 2019",271.60
Discard: Heidi,Discard: Heidi,HMMBEJM25Y,Past guest,"Mar 1, 2019","Mar 3, 2019",271.60
Discard: Anna,Discard: Anna,HMX8M5Y3S4,Past guest,"Feb 22, 2019","Feb 24, 2019",194.00
Discard: Anna,Discard: Anna,HMJMYY9R3C,Past guest,"Jan 18, 2019","Jan 20, 2019",271.60
Discard: Elsa,Discard: Elsa,HMZANYXM4P,Past guest,"Jan 11, 2019","Jan 13, 2019",271.60
Discard: Elsa,Discard: Elsa,HM4PDAHHN5,Past guest,"Jan 1, 2019","Jan 7, 2019",737.20
Discard: Elsa,Discard: Elsa,HMTAJERAHR,Past guest,"Dec 21, 2018","Dec 24, 2018",441.35
Discard: Elsa,Discard: Elsa,HM423BJFKP,Past guest,"Dec 14, 2018","Dec 16, 2018",261.90
Discard: Elsa,Discard: Elsa,HMTDMR3K2E,Past guest,"Dec 8, 2018","Dec 10, 2018",261.90
Discard: Heidi,Discard: Heidi,HMWAW4XNK4,Past guest,"Dec 7, 2018","Dec 9, 2018",261.90
Discard: Anna,Discard: Anna,HM3X5NAB5Q,Past guest,"Dec 7, 2018","Dec 9, 2018",261.90
Discard: Elsa,Discard: Elsa,HMBXBATS8D,Past guest,"Nov 30, 2018","Dec 2, 2018",261.90
Discard: Anna,Discard: Anna,HMWCBYXJFN,Past guest,"Nov 22, 2018","Nov 25, 2018",441.35
Discard: Heidi,Discard: Heidi,HMW4RDKW8S,Past guest,"Nov 22, 2018","Nov 24, 2018",310.40
Discard: Elsa,Discard: Elsa,HMA2BKCBZT,Past guest,"Nov 17, 2018","Nov 20, 2018",417.10
Discard: Heidi,Discard: Heidi,HMAMBSAC3D,Past guest,"Nov 16, 2018","Nov 18, 2018",261.90
Discard: Anna,Discard: Anna,HMNXKFT8DS,Past guest,"Nov 16, 2018","Nov 18, 2018",261.90
Discard: Heidi,Discard: Heidi,HMR2K293DW,Past guest,"Nov 11, 2018","Nov 14, 2018",368.60
Discard: Heidi,Discard: Heidi,HM2RHM3BTN,Past guest,"Nov 9, 2018","Nov 11, 2018",261.90
Discard: Anna,Discard: Anna,HMHEA43CXQ,Past guest,"Nov 9, 2018","Nov 11, 2018",261.90
Discard: Elsa,Discard: Elsa,HMBAHSZRTY,Past guest,"Nov 9, 2018","Nov 11, 2018",261.90
Discard: Elsa,Discard: Elsa,HMTT4M55DW,Past guest,"Nov 4, 2018","Nov 6, 2018",261.90
Discard: Elsa,Discard: Elsa,HM3THTT3RN,Past guest,"Nov 2, 2018","Nov 4, 2018",261.90
Discard: Elsa,Discard: Elsa,HMNWRNZA8E,Past guest,"Oct 24, 2018","Oct 28, 2018",572.30
Discard: Anna,Discard: Anna,HM5PFDM4M5,Past guest,"Oct 12, 2018","Oct 19, 2018",873.48
Discard: Elsa,Discard: Elsa,HMKZ3P4CXJ,Past guest,"Sep 21, 2018","Sep 23, 2018",261.90
Discard: Anna,Discard: Anna,HMBCT3B4WN,Past guest,"Sep 12, 2018","Sep 17, 2018",582.00
Discard: Heidi,Discard: Heidi,HMS3BDYF43,Trip change requested,"Sep 11, 2018","Sep 16, 2018",582.00
Discard: Heidi,Discard: Heidi,HM3ATR4C3K,Past guest,"Aug 31, 2018","Sep 3, 2018",368.60
Discard: Elsa,Discard: Elsa,HMNXHZ8N4N,Past guest,"Aug 17, 2018","Aug 19, 2018",261.90
Discard: Anna,Discard: Anna,HMJ3XE4WK5,Past guest,"Aug 10, 2018","Aug 12, 2018",261.90
Discard: Elsa,Discard: Elsa,HMQJA5Q4QW,Past guest,"Jul 20, 2018","Jul 22, 2018",261.90
Discard: Elsa,Discard: Elsa,HMMB9B4J28,Past guest,"Jul 13, 2018","Jul 16, 2018",368.60
Discard: Anna,Discard: Anna,HMD8T2AJQZ,Past guest,"Jul 3, 2018","Jul 7, 2018",475.30
Discard: Anna,Discard: Anna,HM49D2ME2J,Past guest,"Jul 1, 2018","Jul 3, 2018",261.90
Discard: Elsa,Discard: Elsa,HM9AZBRT9M,Past guest,"Jun 29, 2018","Jul 1, 2018",261.90
Discard: Elsa,Discard: Elsa,HMQD4NRQDE,Past guest,"Jun 22, 2018","Jun 24, 2018",261.90
Discard: Elsa,Discard: Elsa,HMD3NFTQ5F,Past guest,"Jun 15, 2018","Jun 17, 2018",261.90
Discard: Elsa,Discard: Elsa,HMAXD2QZYR,Past guest,"May 31, 2018","Jun 2, 2018",261.90
Discard: Anna,Discard: Anna,HMF4JMPKA5,Past guest,"May 25, 2018","May 28, 2018",441.35
Discard: Elsa,Discard: Elsa,HMN85FDY59,Past guest,"May 18, 2018","May 20, 2018",261.90
Discard: Heidi,Discard: Heidi,HMAB5JJ5CZ,Past guest,"Apr 5, 2018","Apr 7, 2018",261.90
Discard: Heidi,Discard: Heidi,HMT42NFMQJ,Past guest,"Mar 30, 2018","Apr 1, 2018",261.90
Discard: Elsa,Discard: Elsa,HMQRPQC83H,Past guest,"Mar 16, 2018","Mar 18, 2018",261.90
Discard: Elsa,Discard: Elsa,HMBBZKZ5WZ,Past guest,"Mar 14, 2018","Mar 16, 2018",261.90
Discard: Elsa,Discard: Elsa,HMA9RK5Y38,Past guest,"Mar 1, 2018","Mar 4, 2018",368.60
Discard: Elsa,Discard: Elsa,HMHMPN38J2,Past guest,"Jan 19, 2018","Jan 21, 2018",261.90
Discard: Anna,Discard: Anna,HMMER3KB48,Past guest,"Dec 27, 2017","Dec 30, 2017",441.35
Discard: Elsa,Discard: Elsa,HMXYMJY58H,Past guest,"Dec 25, 2017","Dec 28, 2017",441.35
Discard: Elsa,Discard: Elsa,HMCZMBJPKQ,Past guest,"Dec 15, 2017","Dec 17, 2017",261.90
Discard: Anna,Discard: Anna,HMWY32QSB3,Past guest,"Dec 8, 2017","Dec 10, 2017",261.90
Discard: Anna,Discard: Anna,HMT2X88NRD,Past guest,"Nov 20, 2017","Nov 24, 2017",572.30
Discard: Anna,Discard: Anna,HM9PQWFNZB,Past guest,"Nov 17, 2017","Nov 19, 2017",261.90
Discard: Elsa,Discard: Elsa,HMX5EPCDTN,Past guest,"Nov 1, 2017","Nov 3, 2017",261.90
Discard: Anna,Discard: Anna,HM44DYYNQZ,Past guest,"Oct 5, 2017","Oct 9, 2017",587.82
Discard: Anna,Discard: Anna,HMZ4ZSB95J,Past guest,"Aug 19, 2017","Aug 22, 2017",369.00
Discard: Elsa,Discard: Elsa,HM28YPTRAZ,Past guest,"Aug 7, 2017","Aug 9, 2017",262.00
Discard: Anna,Discard: Anna,HMDS3Z23QT,Past guest,"Jul 21, 2017","Jul 23, 2017",262.00
Discard: Elsa,Discard: Elsa,HMDY8KX3KY,Past guest,"Jul 7, 2017","Jul 9, 2017",262.00
Discard: Anna,Discard: Anna,HMZFWX3KBX,Trip change sent,"Jul 5, 2017","Jul 8, 2017",369.00
Discard: Anna,Discard: Anna,HMFCSKDTPW,Past guest,"Jul 1, 2017","Jul 3, 2017",262.00
Discard: Anna,Discard: Anna,HMJJYEMD28,Past guest,"Jun 23, 2017","Jun 26, 2017",369.00
Discard: Anna,Discard: Anna,HMEBAZ42TM,Past guest,"Jun 9, 2017","Jun 11, 2017",262.00
Discard: Anna,Discard: Anna,HMR2K3N9TY,Past guest,"May 26, 2017","May 29, 2017",369.00
Discard: Anna,Discard: Anna,HMMCKTRKEA,Past guest,"May 19, 2017","May 21, 2017",262.00
Discard: Anna,Discard: Anna,HMXWPANNF2,Past guest,"Mar 31, 2017","Apr 3, 2017",369.00
Discard: Anna,Discard: Anna,HMQHP34CY9,Past guest,"Mar 21, 2017","Mar 24, 2017",369.00
Discard: Anna,Discard: Anna,HMXXAR3RDF,Past guest,"Mar 14, 2017","Mar 16, 2017",262.00
