listing name,room,confirmation,status,check in,check out,total payout
Beach Front*Sleep4*WIFI*Security*Laundry*Room-122,Room-122,HMZ3HJFYE8,Canceled by guest,"May 20, 2023","May 21, 2023",0.00
Beach Front*Sleep4*WIFI*Security*Laundry*Room-219,Room-219,HM5TKMDZ3Y,Canceled by guest,"May 18, 2023","May 21, 2023",0.00
OceanView*BeachFront*Sleep4*Full Kitchen*Room-110,Room-110,HMDNCZ5X2X,Canceled by guest,"Apr 7, 2023","Apr 9, 2023",0.00
Beach Front*Sleep4*WiFi*Security*Laundry*Room-202,Room-202,HMAYWAKBCR,Canceled by guest,"Apr 5, 2023","Apr 10, 2023",0.00
Beach Front*Sleep4*WIFI*Security*Laundry*Room-207,Room-207,HM3JZQ8YY2,Canceled by guest,"Apr 4, 2023","Apr 9, 2023",0.00
Beach Front*Sleep4*WIFI*Security*Laundry*Room-221,Room-221,HMD85PMAXC,Canceled by guest,"Apr 3, 2023","Apr 8, 2023",298.75
Beach Front*Sleep4*WIFI*Security*Laundry*Room-218,Room-218,HM3RTZ3B5Z,Canceled by guest,"Apr 3, 2023","Apr 8, 2023",0.00
Beach Front*Sleep4*Full Kitchen*Laundry*Room-106,Room-106,HMR3XAYYQK,Canceled by Airbnb,"Mar 26, 2023","Mar 28, 2023",0.00
Beach Front*Sleep4*Full Kitchen*Laundry*Room-208,Room-208,HM8KM9S8N5,Canceled by guest,"Mar 26, 2023","Mar 27, 2023",56.74
Beach Front* Scooter* WIFI* Laundry* Room-203, Room-203,HMNTREEDFY,Canceled by you,"Mar 25, 2023","Mar 26, 2023",50.00
Beach Front*Sleep4*WIFI*Security*Laundry*Room-218,Room-218,HMWP3KRN8H,Canceled by guest,"Mar 24, 2023","Mar 30, 2023",313.08
Beach Front*Sleep4*WIFI*Security*Laundry*Room-109,Room-109,HMJRQ35SRB,Canceled by guest,"Mar 24, 2023","Mar 26, 2023",178.85
OceanView*BeachFront*Sleep4*Full Kitchen*Room-110,Room-110,HM2YTAASD8,Canceled by guest,"Mar 24, 2023","Mar 26, 2023",113.70
Beach Front*Sleep4*WIFI*Security*Laundry*Room-219,Room-219,HMJ9DDNZM9,Canceled by guest,"Mar 24, 2023","Mar 26, 2023",184.26
Beach Front*Sleep4*WiFi*Security*Laundry*Room-115,Room-115,HMRMDQQY5R,Canceled by guest,"Mar 24, 2023","Mar 26, 2023",162.38
Beach Front* Scooter* Sleep4* Kitchen* Room-124, Room-124,HMW9P252DW,Canceled by guest,"Mar 24, 2023","Mar 25, 2023",41.22
Beach Front*Sleep4*WIFI*Security*Laundry*Room-125,Room-125,HMDK25N4D9,Canceled by guest,"Mar 24, 2023","Mar 25, 2023",41.22
Beach Front*Sleep4*WiFi*Security*Laundry*Room-115,Room-115,HM5JRRMXFH,Canceled by Airbnb,"Mar 24, 2023","Mar 25, 2023",0.00
Ocean View*Beach Front*Sleep2*Laundry*Room-117,Room-117,HMF4HEYZ3E,Canceled by guest,"Mar 23, 2023","Mar 25, 2023",114.46
Beach Front* Scooter* Laundry* WIFI Room-225, WIFI Room-225,HM89SNJEKR,Canceled by guest,"Mar 17, 2023","Mar 19, 2023",130.95
Beach Front*Sleep4*Full Kitchen*Laundry*Room-206,Room-206,HMP5TK33NE,Canceled by Airbnb,"Mar 12, 2023","Mar 13, 2023",0.00
Beach Front*Sleep4*Full Kitchen*Laundry*Room-208,Room-208,HMPMMY8NMA,Canceled by guest,"Mar 11, 2023","Mar 12, 2023",109.12
OceanView*Beach Front*Sleep2*Laundry*Room-215,Room-215,HMHMRM8PAS,Canceled by Airbnb,"Mar 10, 2023","Mar 12, 2023",0.00
Beach Front*Sleep4*WIFI*Security*Laundry*Room-221,Room-221,HMQM5BCNE2,Canceled by guest,"Mar 10, 2023","Mar 12, 2023",0.00
Beach Front*Sleep4*WIFI*Security*Laundry*Room-125,Room-125,HMRWKAWHQD,Canceled by guest,"Mar 10, 2023","Mar 12, 2023",0.00
Beach Front*Sleep4*Full Kitchen*Laundry*Room-106,Room-106,HMQWS4HCT2,Canceled by guest,"Mar 10, 2023","Mar 12, 2023",0.00
Ocean View*Beach Front*Sleep4*Laundry*Room-212,Room-212,HMQA2Z459Q,Canceled by guest,"Mar 10, 2023","Mar 12, 2023",0.00
Beach Front*Sleep4*WIFI*Security*Laundry*Room-227,Room-227,HMKRN8YBKD,Canceled by guest,"Mar 9, 2023","Mar 12, 2023",0.00
BeachFront* Scooter*Kitchen*WIFI*laundry Room-104,laundry Room-104,HMKPKESAXM,Canceled by Airbnb,"Mar 9, 2023","Mar 12, 2023",0.00
OceanView*BeachFront*Sleep4*Full Kitchen*Room-211,Room-211,HMCPJW45PJ,Canceled by guest,"Mar 9, 2023","Mar 12, 2023",0.00
Beach Front*Sleep4*WIFI*Security*Laundry*Room-224,Room-224,HMQ5H4SBNX,Canceled by guest,"Mar 9, 2023","Mar 12, 2023",0.00
Beach Front*Sleep4*Full Kitchen*Laundry*Room-106,Room-106,HM38XZ53ER,Canceled by guest,"Mar 8, 2023","Mar 13, 2023",0.00
Beach Front*Sleep4*Full Kitchen*Laundry*Room-208,Room-208,HM48DMH4BC,Canceled by Airbnb,"Mar 8, 2023","Mar 12, 2023",0.00
Beach Front* Scooter* WIFI* Laundry* Room-203, Room-203,HMYA9JPKYR,Canceled by guest,"Mar 8, 2023","Mar 12, 2023",0.00
OceanView* BeachFront* Scooter* Kitchen* Room-217, Room-217,HMZ9J5A28J,Canceled by guest,"Mar 8, 2023","Mar 11, 2023",0.00
OceanView*BeachFront*Sleep4*Full Kitchen*Room-210,Room-210,HMESQ9BQZQ,Canceled by guest,"Mar 7, 2023","Mar 12, 2023",0.00
Ocean View*Beach Front*Sleep4*Laundry*Room-214,Room-214,HMY8KQXDHK,Canceled by guest,"Mar 7, 2023","Mar 8, 2023",0.00
OceanView* BeachFront* scooter* Kitchen*Room-111,Room-111,HMXQ8BEEYC,Canceled by guest,"Mar 6, 2023","Mar 12, 2023",0.00
OceanView*BeachFront*Sleep4*Full Kitchen*Room-110,Room-110,HMZXBDX9NE,Canceled by guest,"Mar 6, 2023","Mar 12, 2023",0.00
Beach Front*Sleep4*WIFI*Security*Laundry*Room-207,Room-207,HMSZE3X4QA,Canceled by guest,"Mar 6, 2023","Mar 10, 2023",0.00
Beach Front*Sleep4*Full Kitchen*Laundry*Room-106,Room-106,HMD43295MR,Canceled by guest,"Mar 5, 2023","Mar 6, 2023",0.00
Beach Front*Sleep4*Full Kitchen*Laundry*Room-106,Room-106,HMR8WRK95K,Canceled by guest,"Mar 3, 2023","Mar 7, 2023",0.00
Beach Front* Scooter* Laundry* WIFI Room-225, WIFI Room-225,HMC9TSBY3K,Canceled by guest,"Mar 3, 2023","Mar 6, 2023",0.00
Ocean View*Beach Front*Sleep4*Laundry*Room-214,Room-214,HMNH4D4EA8,Canceled by Airbnb,"Mar 3, 2023","Mar 4, 2023",0.00
Discard-112,Discard-112,HMDE3M3CYY,Canceled by Airbnb,"Feb 24, 2023","Feb 26, 2023",0.00
Ocean View*Beach Front*Sleep4*Laundry*Room-216,Room-216,HMCMJRSN2M,Canceled by Airbnb,"Feb 24, 2023","Feb 25, 2023",0.00
Ocean View*Beach Front*Sleep4*Laundry*Room-216,Room-216,HMBJ8JTPNB,Canceled by guest,"Feb 24, 2023","Feb 25, 2023",0.00
Discard-107,Discard-107,HMMH5WHSC2,Canceled by Airbnb,"Feb 19, 2023","Feb 20, 2023",0.00
OceanView*BeachFront*Sleep4*Full Kitchen*Room-110,Room-110,HMDEPPHBYR,Canceled by guest,"Feb 18, 2023","Feb 20, 2023",436.50
Beach Front*Sleep4*Full Kitchen*Laundry*Room-106,Room-106,HM4FT5CCA3,Canceled by guest,"Feb 18, 2023","Feb 20, 2023",0.00
Beach Front*Sleep4*WIFI*Security*Laundry*Room-125,Room-125,HM8B5RD9WW,Canceled by guest,"Feb 18, 2023","Feb 20, 2023",0.00
Beach Front*Sleep4*Full Kitchen*Laundry*Room-120,Room-120,HMMTNAD9PN,Canceled by guest,"Feb 17, 2023","Feb 21, 2023",0.00
Beach Front*Sleep4*WIFI*Security*Laundry*Room-221,Room-221,HMRAWN3Q5Y,Canceled by guest,"Feb 17, 2023","Feb 21, 2023",0.00
Beach Front*Sleep4*Full Kitchen*Laundry*Room-204,Room-204,HMNPZD5A4C,Canceled by guest,"Feb 17, 2023","Feb 20, 2023",0.00
BeachFront* scooter* Kitchen* Laundry Room-108, Laundry Room-108,HM5PBEPQND,Canceled by guest,"Feb 17, 2023","Feb 19, 2023",0.00
Beach Front*Sleep4*WIFI*Security*Laundry*Room-220,Room-220,HMWDQFK3MT,Canceled by guest,"Feb 17, 2023","Feb 19, 2023",0.00
Ocean View*Beach Front*Sleep2*Laundry*Room-117,Room-117,HMR8PRKKRK,Canceled by guest,"Feb 17, 2023","Feb 19, 2023",0.00
Beach Front*Sleep4*WIFI*Security*Laundry*Room-226,Room-226,HMBNA8XR29,Canceled by guest,"Feb 16, 2023","Feb 21, 2023",75.46
Beach Front*Sleep4*Full Kitchen*Laundry*Room-208,Room-208,HM9XAT2NKE,Canceled by Airbnb,"Feb 16, 2023","Feb 18, 2023",0.00
Ocean View*Beach Front*Sleep4*Laundry*Room-213,Room-213,HMEFAWYEQM,Canceled by guest,"Feb 15, 2023","Feb 20, 2023",0.00
Beach Front*Sleep4*Full Kitchen*Laundry*Room-208,Room-208,HMBCNND593,Canceled by guest,"Feb 10, 2023","Feb 12, 2023",0.00
Beach Front*Sleep4*WIFI*Security*Laundry*Room-224,Room-224,HMBH95YWZT,Canceled by Airbnb,"Feb 10, 2023","Feb 11, 2023",0.00
Beach Front*Sleep4*Full Kitchen*Laundry*Room-106,Room-106,HMEKQZKN85,Canceled by guest,"Feb 8, 2023","Feb 9, 2023",64.02
Discard-202,Discard-202,HMNAQTQF3X,Canceled by guest,"Feb 6, 2023","Feb 22, 2023",0.00
Ocean View*Beach Front*Sleep4*Laundry*Room-216,Room-216,HMHHRQRTDQ,Canceled by guest,"Jan 28, 2023","Jan 29, 2023",0.00
Beach Front*Sleep4*Full Kitchen*Laundry*Room-204,Room-204,HM82HH8R8Z,Canceled by guest,"Jan 28, 2023","Jan 29, 2023",58.20
Ocean View*Beach Front*Sleep4*Laundry*Room-216,Room-216,HM9YM2WJM3,Canceled by guest,"Jan 28, 2023","Jan 29, 2023",0.00
Beach Front*Sleep4*WIFI*Security*Laundry*Room-125,Room-125,HMNDFNWWCE,Canceled by Airbnb,"Jan 28, 2023","Jan 29, 2023",0.00
Discard - 122,Discard - 122,HMR4Y8JB5Q,Canceled by Airbnb,"Jan 28, 2023","Jan 29, 2023",0.00
Beach Front*Sleep4*WIFI*Security*Laundry*Room-209,Room-209,HMHYBNKWHA,Canceled by guest,"Jan 27, 2023","Jan 28, 2023",46.56
Beach Front*Sleep4*WIFI*Security*Laundry*Room-226,Room-226,HMK39A93SS,Canceled by Airbnb,"Jan 26, 2023","Jan 29, 2023",0.00
