listing name,room,confirmation,status,check in,check out,total payout
Beach Front*Sleep2*WIFI*Security*Laundry*Room-118,Room-118,HMRQNAMJXE,Currently hosting,"Mar 24, 2023","Apr 11, 2023","1,275.91"
OceanView*BeachFront*Sleep4*Full Kitchen*Room-110,Room-110,HMEXW9BDDT,Currently hosting,"Mar 29, 2023","Apr 5, 2023",481.12
Beach Front*Sleep4*WIFI*Security*Laundry*Room-122,Room-122,HMPYTFSZB8,Review guest,"Mar 30, 2023","Apr 3, 2023",339.15
Beach Front*Sleep4*WIFI*Security*Laundry*Room-116,Room-116,HM8SHDFEN4,Currently hosting,"Mar 30, 2023","Apr 4, 2023",354.92
Beach Front*Sleep4*WIFI*Security*Laundry*Room-224,Room-224,HMQQATHSKS,Currently hosting,"Mar 30, 2023","Apr 4, 2023",347.01
Beach Front*Sleep4*WIFI*Security*Laundry*Room-109,Room-109,HMRB9BHHCF,Review guest,"Mar 31, 2023","Apr 3, 2023",252.37
Beach Front*Sleep4*Full Kitchen*Laundry*Room-120,Room-120,HMK4P83RQD,Review guest,"Mar 31, 2023","Apr 3, 2023",252.37
Beach Front*Sleep4*WIFI*Security*Laundry*Room-221,Room-221,HMJZ3B5CTT,Review guest,"Mar 31, 2023","Apr 3, 2023",252.37
Beach Front*Sleep4*WIFI*Security*Laundry*Room-227,Room-227,HMXSTDWRE3,Currently hosting,"Mar 31, 2023","Apr 4, 2023",273.25
Beach Front*Sleep4*Full Kitchen*Laundry*Room-106,Room-106,HMYXFPNYHP,Currently hosting,"Mar 31, 2023","Apr 5, 2023",342.43
Beach Front*Sleep4*WIFI*Security*Laundry*Room-123,Room-123,HM8MAHEWFX,Currently hosting,"Mar 31, 2023","Apr 5, 2023",348.11
Beach Front*Sleep4*WIFI*Security*Laundry*Room-219,Room-219,HMPTJDPQP5,Trip change sent,"Mar 31, 2023","Apr 7, 2023",547.68
Ocean View*Beach Front*Sleep4*Laundry*Room-212,Room-212,HMFQNMA8EK,Review guest,"Apr 1, 2023","Apr 3, 2023",143.64
Ocean View*Beach Front*Sleep4*Laundry*Room-214,Room-214,HM5PJ3CSSC,Trip change sent,"Apr 1, 2023","Apr 3, 2023",112.91
Beach Front*Sleep4*Full Kitchen*Laundry*Room-206,Room-206,HM24KDE9J2,Currently hosting,"Apr 1, 2023","Apr 5, 2023",383.15
Beach Front* Scooter* WIFI* Laundry* Room-203, Room-203,HM2PQD4B3Z,Currently hosting,"Apr 1, 2023","Apr 5, 2023",293.41
Beach Front*Sleep4*Full Kitchen*Laundry*Room-208,Room-208,HMJQAPJKS4,Currently hosting,"Apr 2, 2023","Apr 4, 2023",186.24
BeachFront* Scooter* WIFI* Laundry* Room-119, Room-119,HMD2ZDCXQ2,Currently hosting,"Apr 2, 2023","Apr 4, 2023",140.65
OceanView* BeachFront* scooter* Kitchen*Room-111,Room-111,HMR4DWWSKY,Currently hosting,"Apr 2, 2023","Apr 4, 2023",108.25
OceanView* BeachFront* Scooter* Kitchen* Room-217, Room-217,HMX53XJNN5,Currently hosting,"Apr 2, 2023","Apr 4, 2023",150.00
Ocean View*Beach Front*Sleep4*Laundry*Room-213,Room-213,HMKE5BZMW8,Currently hosting,"Apr 2, 2023","Apr 5, 2023",218.01
Beach Front*Sleep4*WIFI*Security*Laundry*Room-223,Room-223,HMC2WSDCMT,Currently hosting,"Apr 2, 2023","Apr 7, 2023",390.10
Beach Front*Sleep4*WIFI*Security*Laundry*Room-105,Room-105,HM499C4S2K,Currently hosting,"Apr 2, 2023","Apr 9, 2023",567.49
Ocean View*Beach Front*Sleep4*Laundry*Room-212,Room-212,HMZRMA4YRY,Currently hosting,"Apr 3, 2023","Apr 5, 2023",203.70
Ocean View*Beach Front*Sleep4*Laundry*Room-216,Room-216,HMB5XP5QSY,Currently hosting,"Apr 3, 2023","Apr 7, 2023",460.79
Beach Front*Sleep4*WIFI*Security*Laundry*Room-226,Room-226,HMAZQJT9FX,Currently hosting,"Apr 3, 2023","Apr 7, 2023",360.84
Beach Front*Sleep4*WIFI*Security*Laundry*Room-122,Room-122,HM4H9YDK4Q,Currently hosting,"Apr 3, 2023","Apr 7, 2023",303.80
Beach Front*Sleep4*WIFI*Security*Laundry*Room-224,Room-224,HMFBSMNEBT,Arriving tomorrow,"Apr 4, 2023","Apr 9, 2023",488.97
OceanView* BeachFront* Scooter* Kitchen* Room-217, Room-217,HMRQAZYKBS,Arriving tomorrow,"Apr 4, 2023","Apr 9, 2023",561.16
Beach Front*Sleep4*Full Kitchen*Laundry*Room-120,Room-120,HM8AYT5EHX,Arriving tomorrow,"Apr 4, 2023","Apr 9, 2023",428.29
Beach Front*Sleep4*WIFI*Security*Laundry*Room-109,Room-109,HM4C9JFSZP,Arriving tomorrow,"Apr 4, 2023","Apr 10, 2023",524.28
Beach Front*Sleep4*WIFI*Security*Laundry*Room-116,Room-116,HMTZ9JRRCC,Arriving in 2 days,"Apr 5, 2023","Apr 7, 2023",173.47
Beach Front*Sleep4*Full Kitchen*Laundry*Room-206,Room-206,HMEEK9YMEQ,Arriving in 2 days,"Apr 5, 2023","Apr 8, 2023",544.65
Beach Front* Scooter* WIFI* Laundry* Room-203, Room-203,HMH3M9DAJT,Arriving in 2 days,"Apr 5, 2023","Apr 8, 2023",303.79
OceanView*BeachFront*Sleep4*Full Kitchen*Room-110,Room-110,HMN43TSXYM,Arriving in 2 days,"Apr 5, 2023","Apr 8, 2023",353.78
Beach Front*Sleep4*WIFI*Security*Laundry*Room-123,Room-123,HMEAMWMCM3,Arriving in 2 days,"Apr 5, 2023","Apr 8, 2023",302.89
BeachFront* Scooter* WIFI* Laundry* Room-119, Room-119,HMC48KKFFW,Arriving in 2 days,"Apr 5, 2023","Apr 8, 2023",302.89
Beach Front*Sleep4*Full Kitchen*Laundry*Room-106,Room-106,HMHQD9WBQR,Arriving in 2 days,"Apr 5, 2023","Apr 9, 2023",604.47
Beach Front*Sleep4*WiFi*Security*Laundry*Room-115,Room-115,HMKJPBSNTA,Arriving in 2 days,"Apr 5, 2023","Apr 9, 2023",479.53
Beach Front*Sleep4*WIFI*Security*Laundry*Room-218,Room-218,HMRNCJJR54,Arriving in 2 days,"Apr 5, 2023","Apr 9, 2023",479.53
Beach Front*Sleep4*WIFI*Security*Laundry*Room-227,Room-227,HMFK5DKDP4,Arriving in 2 days,"Apr 5, 2023","Apr 9, 2023",457.22
Ocean View*Beach Front*Sleep4*Laundry*Room-213,Room-213,HM9KEMKMD4,Arriving in 2 days,"Apr 5, 2023","Apr 9, 2023",543.25
Beach Front*Sleep4*Full Kitchen*Laundry*Room-208,Room-208,HMS2CSAY42,Arriving in 2 days,"Apr 5, 2023","Apr 9, 2023",507.19
BeachFront* scooter* Kitchen* Laundry Room-108, Laundry Room-108,HMMXRTYM9X,Arriving in 2 days,"Apr 5, 2023","Apr 9, 2023",461.68
Beach Front*Sleep4*WIFI*Security*Laundry*Room-205,Room-205,HMMFB3QPJT,Arriving in 2 days,"Apr 5, 2023","Apr 9, 2023",401.00
Ocean View*Beach Front*Sleep4*Laundry*Room-214,Room-214,HM2N989TSP,Arriving in 2 days,"Apr 5, 2023","Apr 9, 2023",451.16
OceanView*BeachFront*Sleep4*Full Kitchen*Room-211,Room-211,HMNQRXCQ8B,Arriving in 2 days,"Apr 5, 2023","Apr 10, 2023",548.46
Beach Front* Scooter* Laundry* WIFI Room-225, WIFI Room-225,HMBW2MBTYJ,Arriving in 3 days,"Apr 6, 2023","Apr 7, 2023",144.53
Beach Front*Sleep4*WIFI*Security*Laundry*Room-207,Room-207,HMTAEW4S8H,Arriving in 3 days,"Apr 6, 2023","Apr 8, 2023",236.68
Beach Front*Sleep4*Full Kitchen*Laundry*Room-204,Room-204,HMDXYSDBH5,Arriving in 3 days,"Apr 6, 2023","Apr 8, 2023",201.75
OceanView*Beach Front*Sleep2*Laundry*Room-215,Room-215,HMWCXHPKFN,Arriving in 3 days,"Apr 6, 2023","Apr 8, 2023",263.06
Beach Front*Sleep4*WIFI*Security*Laundry*Room-107,Room-107,HMWTCMSKWM,Arriving in 3 days,"Apr 6, 2023","Apr 9, 2023",625.84
Beach Front*Sleep4*WiFi*Security*Laundry*Room-202,Room-202,HMXSM9PFE4,Arriving in 3 days,"Apr 6, 2023","Apr 9, 2023",338.98
Beach Front*Sleep4*Full Kitchen*Laundry*Room-126,Room-126,HMM4JAD4KX,Arriving in 3 days,"Apr 6, 2023","Apr 9, 2023",338.98
Beach Front*Sleep4*WIFI*Security*Laundry*Room-121,Room-121,HMQEW8HYKY,Trip change sent,"Apr 6, 2023","Apr 9, 2023",337.17
Beach Front*Sleep4*WIFI*Security*Laundry*Room-125,Room-125,HM84333JYT,Arriving in 3 days,"Apr 6, 2023","Apr 9, 2023",313.72
Ocean View*Beach Front*Sleep2*Laundry*Room-112,Room-112,HMTBQNT2T3,Arriving in 3 days,"Apr 6, 2023","Apr 10, 2023",479.00
Beach Front*Sleep4*WIFI*Security*Laundry*Room-222,Room-222,HMRQFTFPWQ,Arriving in 3 days,"Apr 6, 2023","Apr 10, 2023",404.57
Ocean View*Beach Front*Sleep4*Laundry*Room-212,Room-212,HMCD4JQWHX,Arriving in 3 days,"Apr 6, 2023","Apr 10, 2023",448.14
Beach Front*Sleep4*WIFI*Security*Laundry*Room-122,Room-122,HMHR53KSDQ,Arriving in 4 days,"Apr 7, 2023","Apr 9, 2023",273.54
Beach Front*Sleep4*WIFI*Security*Laundry*Room-226,Room-226,HMZW8SS99F,Arriving in 4 days,"Apr 7, 2023","Apr 9, 2023",240.56
Beach Front* Scooter* Laundry* WIFI Room-225, WIFI Room-225,HM34ZTREFX,Arriving in 4 days,"Apr 7, 2023","Apr 9, 2023",245.41
Beach Front*Sleep4*WIFI*Security*Laundry*Room-219,Room-219,HMAXFAEWYY,Arriving in 4 days,"Apr 7, 2023","Apr 9, 2023",257.05
Beach Front*Sleep4*WIFI*Security*Laundry*Room-116,Room-116,HM59MMRX4C,Arriving in 4 days,"Apr 7, 2023","Apr 9, 2023",196.86
Beach Front*Sleep4*WIFI*Security*Laundry*Room-209,Room-209,HMPJSSY2RR,Arriving in 4 days,"Apr 7, 2023","Apr 17, 2023",749.48
Beach Front*Sleep4*WiFi*Security*Laundry*Room-202,Room-202,HMWKZDSM52,Confirmed,"Apr 22, 2023","Apr 24, 2023",192.06
Beach Front*Sleep4*Full Kitchen*Laundry*Room-106,Room-106,HMEMP9P39F,Confirmed,"Apr 25, 2023","Apr 30, 2023",493.38
Beach Front* Scooter* Laundry* WIFI Room-225, WIFI Room-225,HMEJJ5SQP5,Confirmed,"Apr 27, 2023","May 1, 2023",403.68
Beach Front*Sleep4*WiFi*Security*Laundry*Room-202,Room-202,HMHQREWEET,Confirmed,"Apr 28, 2023","Apr 30, 2023",246.38
Beach Front*Sleep4*Full Kitchen*Laundry*Room-106,Room-106,HM5TN4X8SJ,Confirmed,"May 16, 2023","May 22, 2023",918.01
Beach Front*Sleep4*WIFI*Security*Laundry*Room-218,Room-218,HMJ8H4BKZS,Confirmed,"May 16, 2023","May 22, 2023",861.26
Beach Front*Sleep4*WIFI*Security*Laundry*Room-107,Room-107,HMQ9J9SESB,Confirmed,"May 17, 2023","May 22, 2023",895.89
Beach Front*Sleep4*WIFI*Security*Laundry*Room-226,Room-226,HM9NFSXQ99,Confirmed,"May 17, 2023","May 22, 2023",815.57
OceanView* BeachFront* Scooter* Kitchen* Room-217, Room-217,HMMNRM3H4Y,Confirmed,"May 17, 2023","May 22, 2023",959.33
BeachFront* scooter* Kitchen* Laundry Room-108, Laundry Room-108,HMRFNJMRKZ,Confirmed,"May 17, 2023","May 22, 2023",741.42
Beach Front*Sleep4*WiFi*Security*Laundry*Room-202,Room-202,HMNS4JTHSM,Confirmed,"May 18, 2023","May 21, 2023",602.39
Beach Front* Scooter* Laundry* WIFI Room-225, WIFI Room-225,HMKBS8AAYB,Confirmed,"May 18, 2023","May 21, 2023",572.62
Beach Front*Sleep4*WiFi*Security*Laundry*Room-115,Room-115,HMSKCBBY39,Confirmed,"May 18, 2023","May 21, 2023",572.62
Beach Front*Sleep4*Full Kitchen*Laundry*Room-206,Room-206,HMJQ4FRWRK,Confirmed,"May 18, 2023","May 22, 2023",674.07
Beach Front*Sleep4*Full Kitchen*Laundry*Room-126,Room-126,HM4J54DT8C,Confirmed,"May 18, 2023","May 22, 2023",649.09
Beach Front*Sleep4*WIFI*Security*Laundry*Room-105,Room-105,HMXKX4QWDP,Confirmed,"May 19, 2023","May 21, 2023",422.92
Ocean View*Beach Front*Sleep2*Laundry*Room-112,Room-112,HMH4A95KQY,Confirmed,"May 19, 2023","May 23, 2023",717.80
Beach Front*Sleep4*WIFI*Security*Laundry*Room-122,Room-122,HMYSC94ZHH,Confirmed,"May 20, 2023","May 21, 2023",261.90
Beach Front*Sleep4*Full Kitchen*Laundry*Room-208,Room-208,HM3AKA4D34,Confirmed,"May 20, 2023","May 22, 2023",365.69
Beach Front*Sleep4*WIFI*Security*Laundry*Room-224,Room-224,HMBF48Y3HH,Confirmed,"May 20, 2023","May 22, 2023",368.60
Beach Front*Sleep2*WIFI*Security*Laundry*Room-118,Room-118,HM5YXDBQHD,Confirmed,"May 20, 2023","May 22, 2023",368.60
