listing name,room,confirmation,status,check in,check out,total payout
Scooter*Beachfront*KingBed*Grill*Room110,Room110,HMWZQ8NX5D,Review guest,"Mar 31, 2023","Apr 2, 2023",162.90
Scooter*BeachAccess*Sleep5*KingBed*Grill*Room-119,Room-119,HMECX9REPX,Review guest,"Mar 31, 2023","Apr 2, 2023",349.35
Scooter*Beachfront*KingBed*Renovated*Grill*Room104,Room104,HMBWTZ2KQF,Review guest,"Mar 31, 2023","Apr 2, 2023",233.43
Scooter*Beachfront*FullBed*Grill*Room107,Room107,HMYPBQXECJ,Review guest,"Mar 31, 2023","Apr 2, 2023",162.90
Scooter*BeachAccess*Sleep5*KingBed*Kitchen Room114,Kitchen Room114,HM8TNWZ8HY,Review guest,"Mar 31, 2023","Apr 2, 2023",246.06
*BeachAccess*Scooter*Sleep5*KingBed*Grill*Room-118,Room-118,HMNXAWXSHS,Review guest,"Mar 31, 2023","Apr 2, 2023",305.60
3BR2BA*OceanView *BeachAccess*Grill *King*Room-109,Room-109,HMJP53CXJF,Review guest,"Mar 31, 2023","Apr 1, 2023",232.80
Scooter*Beachfront*KingBed*Renovated*Grill*Room106,Room106,HM8FANXEA8,Review guest,"Mar 26, 2023","Mar 29, 2023",314.85
Scooter*Beachfront*FullBed*Grill*Room107,Room107,HMFKYKB4QN,Review guest - Expires soon,"Mar 25, 2023","Mar 27, 2023",167.23
Scooter*BeachAccess*Sleep5*KingBed*Kitchen Room114,Kitchen Room114,HM4XM9TKXP,Review guest - Expires soon,"Mar 23, 2023","Mar 27, 2023",859.34
Scooter*Beachfront*KingBed*Renovated*Grill*Room106,Room106,HM3YYENBBJ,Review guest - Expires soon,"Mar 24, 2023","Mar 26, 2023",234.33
Ocean View*Scooter*Beachfront*Room101,Room101,HMYPFEXRME,Review guest - Expires soon,"Mar 24, 2023","Mar 26, 2023",173.42
*Beachfront*Scooter*Sleep5*KingBed*Grill*Room-112,Room-112,HMJJHY5M4D,Review guest - Expires soon,"Mar 24, 2023","Mar 26, 2023",234.33
Scooter*Beachfront*KingBed*Grill*Room110,Room110,HMBXWN5EXD,Review guest - Expires soon,"Mar 24, 2023","Mar 26, 2023",174.65
Scooter*Sleep4*BeachAccess*2KingBeds*Grill*Room117,Room117,HMKHPN5D5B,Review guest - Expires soon,"Mar 24, 2023","Mar 26, 2023",234.33
Scooter*Beachfront*KingBed*Renovated*Grill*Room102,Room102,HMJF32TRHH,Review guest - Expires soon,"Mar 24, 2023","Mar 26, 2023",283.95
Scooter*BeachAccess*Sleep5*KingBed*Grill*Room-119,Room-119,HM3P95DXNA,Review guest - Expires soon,"Mar 24, 2023","Mar 26, 2023",390.84
*BeachAccess*Scooter*Sleep5*KingBed*Grill*Room-118,Room-118,HMAPFNY582,Review guest - Expires soon,"Mar 25, 2023","Mar 26, 2023",231.83
3BR2BA*OceanView *BeachAccess*Grill *King*Room-109,Room-109,HMES8WMWJ4,Review guest - Expires soon,"Mar 24, 2023","Mar 26, 2023",348.23
Scooter*Beachfront*KingBed*Renovated*Grill*Room102,Room102,HMPR55RCNX,Review guest - Expires soon,"Mar 22, 2023","Mar 24, 2023",140.07
3BR2BA*OceanView *BeachAccess*Grill *King*Room-109,Room-109,HM4QCPQZFY,Review guest - Expires soon,"Mar 20, 2023","Mar 24, 2023",478.79
Scooter*BeachAccess*Sleep5*KingBed*Grill*Room-119,Room-119,HM553TE9NF,Review guest - Expires soon,"Mar 22, 2023","Mar 23, 2023",97.00
Scooter*BeachAccess*Sleep5*KingBed*Kitchen Room114,Kitchen Room114,HMTDHY3NSD,Review guest - Expires soon,"Mar 21, 2023","Mar 23, 2023",154.42
Scooter*Beachfront*KingBed*Renovated*Grill*Room102,Room102,HMZTKMR8RW,Past guest,"Mar 18, 2023","Mar 20, 2023",283.84
*Beachfront*Scooter*Sleep5*KingBed*Grill*Room-112,Room-112,HME345MZE8,Past guest,"Mar 18, 2023","Mar 19, 2023",153.26
Scooter*BeachAccess*Sleep5*KingBed*Kitchen Room114,Kitchen Room114,HMBKNE4CPW,Past guest,"Mar 18, 2023","Mar 19, 2023",118.34
Scooter*Sleep4*BeachAccess*2KingBeds*Grill*Room117,Room117,HMNXNFNEJN,Past guest,"Mar 18, 2023","Mar 19, 2023",111.55
Scooter*BeachAccess*Sleep5*KingBed*Grill*Room-119,Room-119,HMWBY84ZWN,Past guest,"Mar 17, 2023","Mar 19, 2023",353.86
*BeachAccess*Scooter*Sleep5*KingBed*Grill*Room-118,Room-118,HMWT9XECFF,Past guest,"Mar 17, 2023","Mar 19, 2023",283.05
3BR2BA*OceanView *BeachAccess*Grill *King*Room-109,Room-109,HMFNHX82B3,Past guest,"Mar 14, 2023","Mar 19, 2023","1,356.74"
Ocean View*Scooter*Beachfront*Room101,Room101,HM5W4S5SFM,Past guest,"Mar 17, 2023","Mar 18, 2023",118.34
*Beachfront*Scooter*Sleep5*KingBed*Grill*Room-112,Room-112,HMQAM2EYRB,Past guest,"Mar 17, 2023","Mar 18, 2023",153.26
Scooter*Beachfront*KingBed*Renovated*Grill*Room104,Room104,HMJWJZCF5A,Past guest,"Mar 17, 2023","Mar 18, 2023",153.26
Scooter*BeachAccess*Sleep5*KingBed*Kitchen Room114,Kitchen Room114,HMCNCYPPZK,Past guest,"Mar 17, 2023","Mar 18, 2023",118.34
Scooter*Sleep4*BeachAccess*2KingBeds*Grill*Room117,Room117,HM5HNNRZ5S,Past guest,"Mar 17, 2023","Mar 18, 2023",111.55
*BeachAccess*Scooter*Sleep5*KingBed*Grill*Room-118,Room-118,HMR52Y9EXD,Past guest,"Mar 16, 2023","Mar 17, 2023",155.69
Scooter*BeachAccess*Sleep5*KingBed*Kitchen Room114,Kitchen Room114,HMK4Z5Q58E,Past guest,"Mar 15, 2023","Mar 17, 2023",307.67
Scooter*Beachfront*KingBed*Renovated*Grill*Room102,Room102,HMDSJEMBA2,Past guest,"Mar 15, 2023","Mar 17, 2023",171.11
*BeachAccess*Scooter*Sleep5*KingBed*Grill*Room-118,Room-118,HMQAKJDZX4,Past guest,"Mar 14, 2023","Mar 16, 2023",223.10
Scooter*BeachAccess*Sleep5*KingBed*Kitchen Room114,Kitchen Room114,HMRASZTQ9D,Past guest,"Mar 13, 2023","Mar 15, 2023",136.58
*Beachfront*Scooter*Sleep5*KingBed*Grill*Room-112,Room-112,HMQWZ5WH9P,Past guest,"Mar 12, 2023","Mar 14, 2023",170.72
*BeachAccess*Scooter*Sleep5*KingBed*Grill*Room-118,Room-118,HMHF3499AD,Past guest,"Mar 12, 2023","Mar 13, 2023",242.50
Scooter*Beachfront*KingBed*Renovated*Grill*Room106,Room106,HM5HANAXCD,Past guest,"Mar 11, 2023","Mar 13, 2023",252.20
Ocean View*Scooter*Beachfront*Room101,Room101,HMSYYPJJYM,Past guest,"Mar 11, 2023","Mar 13, 2023",234.74
Scooter*Beachfront*KingBed*Renovated*Grill*Room102,Room102,HMNDR2BHSW,Past guest,"Mar 11, 2023","Mar 13, 2023",231.83
3BR2BA*OceanView *BeachAccess*Grill *King*Room-109,Room-109,HMEF4PTD3B,Past guest,"Mar 11, 2023","Mar 12, 2023",339.50
*BeachAccess*Scooter*Sleep5*KingBed*Grill*Room-118,Room-118,HMEZ9KE4D5,Past guest,"Mar 11, 2023","Mar 12, 2023",339.50
Scooter*BeachAccess*Sleep5*KingBed*Grill*Room-119,Room-119,HMSEZ44K39,Past guest,"Mar 11, 2023","Mar 12, 2023",145.50
Scooter*Beachfront*KingBed*Grill*Room110,Room110,HMCZ4RZJWJ,Past guest,"Mar 11, 2023","Mar 12, 2023",194.00
Scooter*Beachfront*FullBed*Grill*Room107,Room107,HMTK5AEEPX,Past guest,"Mar 11, 2023","Mar 12, 2023",164.90
Scooter*Beachfront*KingBed*Renovated*Grill*Room104,Room104,HMNDS4KWA2,Past guest,"Mar 11, 2023","Mar 12, 2023",164.90
Ocean View*Scooter*Beachfront*Room103,Room103,HMQRSSWPBE,Past guest,"Mar 10, 2023","Mar 12, 2023",339.50
Scooter*Beachfront*FullBed*Grill*Room105,Room105,HMJAZM32XT,Past guest,"Mar 10, 2023","Mar 12, 2023",339.50
Scooter*Beachfront*KingBed*Renovated*Grill*Room108,Room108,HMNZXD4ENW,Past guest,"Mar 10, 2023","Mar 12, 2023",455.90
*Beachfront*Scooter*Sleep5*KingBed*Grill*Room-112,Room-112,HMYQZKNWMM,Past guest,"Mar 10, 2023","Mar 12, 2023",630.50
Scooter*Sleep4*BeachAccess*2KingBeds*Grill*Room117,Room117,HMWZ24J8AS,Past guest,"Mar 2, 2023","Mar 12, 2023","1,583.89"
Scooter*BeachAccess*Sleep5*KingBed*Grill*Room-119,Room-119,HMFWY52WSZ,Past guest,"Mar 10, 2023","Mar 11, 2023",145.50
Scooter*Beachfront*KingBed*Grill*Room110,Room110,HMQB2CXQPY,Past guest,"Mar 10, 2023","Mar 11, 2023",194.00
Scooter*Beachfront*FullBed*Grill*Room107,Room107,HMFSD8843C,Past guest,"Mar 10, 2023","Mar 11, 2023",164.90
Scooter*Beachfront*KingBed*Renovated*Grill*Room104,Room104,HMB3Q229K4,Past guest,"Mar 10, 2023","Mar 11, 2023",164.90
Ocean View*Scooter*Beachfront*Room101,Room101,HMC9H5PHAP,Past guest,"Mar 9, 2023","Mar 11, 2023",242.50
Scooter*Beachfront*KingBed*Renovated*Grill*Room106,Room106,HM85X44SEQ,Past guest,"Mar 8, 2023","Mar 11, 2023",618.86
Scooter*Beachfront*KingBed*Renovated*Grill*Room102,Room102,HMP3X2Z3WW,Past guest,"Mar 9, 2023","Mar 11, 2023",281.30
Scooter*Beachfront*KingBed*Renovated*Grill*Room108,Room108,HM3TYRR9PT,Past guest,"Mar 9, 2023","Mar 10, 2023",106.70
*Beachfront*Scooter*Sleep5*KingBed*Grill*Room-112,Room-112,HM2RHTYXY4,Past guest,"Mar 7, 2023","Mar 10, 2023",754.17
Discard: DSIS119,Discard: DSIS119,HM2ZJJMSY2,Past guest,"Mar 9, 2023","Mar 10, 2023",270.63
Scooter*Beachfront*KingBed*Renovated*Grill*Room108,Room108,HMC4KQ3BFN,Past guest,"Mar 7, 2023","Mar 9, 2023",164.90
Scooter*Beachfront*KingBed*Renovated*Grill*Room102,Room102,HMHT3H9XJP,Past guest,"Mar 8, 2023","Mar 9, 2023",81.09
Scooter*BeachAccess*Sleep5*KingBed*Grill*Room-119,Room-119,HM5E83TZZX,Past guest,"Mar 8, 2023","Mar 9, 2023",87.30
Scooter*BeachAccess*Sleep5*KingBed*Grill*Room-119,Room-119,HMXJD48XDS,Past guest,"Mar 7, 2023","Mar 8, 2023",87.30
Scooter*Beachfront*KingBed*Renovated*Grill*Room102,Room102,HMJZTZXS85,Past guest,"Mar 6, 2023","Mar 8, 2023",143.56
*Beachfront*Scooter*Sleep5*KingBed*Grill*Room-112,Room-112,HMZEPZEF9N,Past guest,"Mar 6, 2023","Mar 7, 2023",83.42
Scooter*Beachfront*KingBed*Renovated*Grill*Room102,Room102,HMT3A8ZK8C,Past guest,"Mar 4, 2023","Mar 6, 2023",156.36
*Beachfront*Scooter*Sleep5*KingBed*Grill*Room-112,Room-112,HMESQN43TH,Past guest,"Mar 4, 2023","Mar 6, 2023",407.40
Scooter*Beachfront*KingBed*Renovated*Grill*Room104,Room104,HM82RFRHY4,Past guest,"Mar 3, 2023","Mar 5, 2023",455.90
Scooter*BeachAccess*Sleep5*KingBed*Grill*Room-119,Room-119,HMFEYQW8QR,Past guest,"Mar 3, 2023","Mar 5, 2023",611.10
Scooter*BeachAccess*Sleep5*KingBed*Kitchen Room114,Kitchen Room114,HMSX9Z9MWB,Past guest,"Mar 2, 2023","Mar 5, 2023",716.29
Scooter*Beachfront*KingBed*Renovated*Grill*Room108,Room108,HM4YXQBBRD,Past guest,"Mar 4, 2023","Mar 5, 2023",194.00
Scooter*Beachfront*KingBed*Renovated*Grill*Room106,Room106,HMXANFDF39,Past guest,"Mar 2, 2023","Mar 4, 2023",215.34
*Beachfront*Scooter*Sleep5*KingBed*Grill*Room-112,Room-112,HM3Q5R8P59,Past guest,"Mar 2, 2023","Mar 4, 2023",223.10
Scooter*Beachfront*KingBed*Renovated*Grill*Room108,Room108,HMNQJSYMT9,Past guest,"Mar 1, 2023","Mar 3, 2023",145.50
Scooter*Beachfront*KingBed*Renovated*Grill*Room102,Room102,HM2JY9FS4H,Past guest,"Feb 28, 2023","Mar 2, 2023",112.91
*Beachfront*Scooter*Sleep5*KingBed*Grill*Room-112,Room-112,HM5W88J5YF,Past guest,"Feb 26, 2023","Feb 28, 2023",153.26
Scooter*BeachAccess*Sleep5*KingBed*Grill*Room-119,Room-119,HM4P8N8T45,Past guest,"Feb 26, 2023","Feb 28, 2023",133.86
Scooter*Beachfront*KingBed*Renovated*Grill*Room102,Room102,HM9JW3JAMA,Past guest,"Feb 26, 2023","Feb 28, 2023",113.30
Scooter*BeachAccess*Sleep5*KingBed*Kitchen Room114,Kitchen Room114,HM43Q9FQ84,Past guest,"Feb 25, 2023","Feb 27, 2023",176.54
Scooter*Beachfront*KingBed*Renovated*Grill*Room108,Room108,HM3YDM3T8D,Trip change requested,"Feb 21, 2023","Feb 27, 2023",568.03
Discard-101,Discard-101,HMQWFMJC9R,Past guest,"Feb 25, 2023","Feb 26, 2023",132.31
Scooter*BeachAccess*Sleep5*KingBed*Grill*Room-119,Room-119,HM83TYYM8D,Past guest,"Feb 24, 2023","Feb 26, 2023",215.34
Scooter*Beachfront*KingBed*Renovated*Grill*Room102,Room102,HMYXZBYMNJ,Past guest,"Feb 24, 2023","Feb 26, 2023",194.97
Scooter*Beachfront*KingBed*Renovated*Grill*Room102,Room102,HMJEM8TSWM,Past guest,"Feb 22, 2023","Feb 24, 2023",109.03
Scooter*BeachAccess*Sleep5*KingBed*Kitchen Room114,Kitchen Room114,HMBH98BBXM,Past guest,"Feb 21, 2023","Feb 23, 2023",136.19
Discard-101,Discard-101,HME33X2EHH,Past guest,"Feb 19, 2023","Feb 21, 2023",170.33
Scooter*BeachAccess*Sleep5*KingBed*Kitchen Room114,Kitchen Room114,HMY3JTMZSB,Past guest,"Feb 19, 2023","Feb 21, 2023",260.93
Scooter*Beachfront*KingBed*Renovated*Grill*Room102,Room102,HMWY5WAFX3,Past guest,"Feb 19, 2023","Feb 21, 2023",221.16
Scooter*Beachfront*KingBed*Renovated*Grill*Room104,Room104,HMWSTDHTXW,Past guest,"Feb 18, 2023","Feb 20, 2023",388.00
Scooter*Beachfront*KingBed*Renovated*Grill*Room102,Room102,HM2NPS29KZ,Past guest,"Feb 17, 2023","Feb 19, 2023",289.06
Discard-101,Discard-101,HMNWHBNC5D,Past guest,"Feb 16, 2023","Feb 19, 2023",709.07
Scooter*Beachfront*KingBed*Renovated*Grill*Room108,Room108,HM8P2T8PS2,Past guest,"Feb 17, 2023","Feb 19, 2023",388.00
Scooter*Beachfront*KingBed*Renovated*Grill*Room104,Room104,HMHKCKA2AQ,Past guest,"Feb 16, 2023","Feb 18, 2023",203.70
Scooter*BeachAccess*Sleep5*KingBed*Kitchen Room114,Kitchen Room114,HMN9QJQ9DA,Past guest,"Feb 16, 2023","Feb 18, 2023",455.90
*Beachfront*Scooter*Sleep5*KingBed*Grill*Room-112,Room-112,HM8TZAB5JN,Past guest,"Feb 16, 2023","Feb 17, 2023",145.50
Scooter*Beachfront*KingBed*Renovated*Grill*Room106,Room106,HM9FEW2HQ3,Past guest,"Feb 13, 2023","Feb 17, 2023",434.56
Scooter*BeachAccess*Sleep5*KingBed*Grill*Room-119,Room-119,HMD88PAE88,Past guest,"Feb 16, 2023","Feb 17, 2023",106.70
Scooter*Beachfront*KingBed*Renovated*Grill*Room108,Room108,HMZCZTF3KX,Past guest,"Feb 5, 2023","Feb 17, 2023","1,067.78"
Scooter*BeachAccess*Sleep5*KingBed*Kitchen Room114,Kitchen Room114,HMTA3NCE9Q,Past guest,"Feb 15, 2023","Feb 16, 2023",87.30
*Beachfront*Scooter*Sleep5*KingBed*Grill*Room-112,Room-112,HM4N2AYMMA,Past guest,"Feb 12, 2023","Feb 16, 2023",179.45
Scooter*Beachfront*KingBed*Renovated*Grill*Room104,Room104,HMR38WEDHX,Past guest,"Feb 10, 2023","Feb 13, 2023",384.31
Scooter*BeachAccess*Sleep5*KingBed*Kitchen Room114,Kitchen Room114,HMA4ZNKRYY,Past guest,"Feb 11, 2023","Feb 12, 2023",95.06
*Beachfront*Scooter*Sleep5*KingBed*Grill*Room-112,Room-112,HM3WDSQERN,Past guest,"Feb 11, 2023","Feb 12, 2023",95.06
Scooter*Beachfront*KingBed*Renovated*Grill*Room106,Room106,HMP9DWK4N8,Past guest,"Feb 10, 2023","Feb 12, 2023",141.62
Discard: DSIS102,Discard: DSIS102,HMCMTRCNC3,Past guest,"Feb 10, 2023","Feb 12, 2023",288.09
Discard-101,Discard-101,HMYMC253NX,Past guest,"Feb 10, 2023","Feb 11, 2023",95.06
Scooter*BeachAccess*Sleep5*KingBed*Kitchen Room114,Kitchen Room114,HM3KWJTYN5,Past guest,"Feb 10, 2023","Feb 11, 2023",95.06
*Beachfront*Scooter*Sleep5*KingBed*Grill*Room-112,Room-112,HMSC4DWWXF,Past guest,"Feb 9, 2023","Feb 11, 2023",126.10
Scooter*BeachAccess*Sleep5*KingBed*Kitchen Room114,Kitchen Room114,HMF4BDJF44,Past guest,"Feb 7, 2023","Feb 9, 2023",110.58
*Beachfront*Scooter*Sleep5*KingBed*Grill*Room-112,Room-112,HMD8ZTAT4S,Past guest,"Feb 7, 2023","Feb 8, 2023",79.54
Scooter*Beachfront*KingBed*Renovated*Grill*Room106,Room106,HMTKKYMB3D,Past guest,"Feb 6, 2023","Feb 8, 2023",203.70
Scooter*Beachfront*KingBed*Renovated*Grill*Room104,Room104,HMZ2T9QZ28,Past guest,"Feb 6, 2023","Feb 7, 2023",79.54
*Beachfront*Scooter*Sleep5*KingBed*Grill*Room-112,Room-112,HM38WHM2MH,Past guest,"Feb 5, 2023","Feb 7, 2023",110.58
Scooter*BeachAccess*Sleep5*KingBed*Kitchen Room114,Kitchen Room114,HMFH23A8XW,Past guest,"Feb 5, 2023","Feb 6, 2023",79.54
Discard-101,Discard-101,HM2XTE9N8M,Past guest,"Feb 4, 2023","Feb 5, 2023",95.06
Scooter*Beachfront*KingBed*Renovated*Grill*Room104,Room104,HMD3EH4WPE,Past guest,"Feb 4, 2023","Feb 5, 2023",95.06
Scooter*Beachfront*KingBed*Renovated*Grill*Room108,Room108,HMSDDXJZFX,Past guest,"Feb 3, 2023","Feb 5, 2023",133.86
*Beachfront*Scooter*Sleep5*KingBed*Grill*Room-112,Room-112,HMWK954AQY,Past guest,"Feb 3, 2023","Feb 5, 2023",133.86
Scooter*BeachAccess*Sleep5*KingBed*Kitchen Room114,Kitchen Room114,HMHY3YP5EK,Past guest,"Feb 3, 2023","Feb 5, 2023",133.86
Scooter*Beachfront*KingBed*Renovated*Grill*Room106,Room106,HMKYD84ZT4,Past guest,"Feb 3, 2023","Feb 5, 2023",133.86
Discard: DSIS102,Discard: DSIS102,HMCTXE5FED,Past guest,"Feb 2, 2023","Feb 4, 2023",120.67
Scooter*Sleep4*BeachAccess*2KingBeds*Grill*Room117,Room117,HMYTMSTBN2,Past guest,"Jan 30, 2023","Feb 4, 2023",436.89
Scooter*BeachAccess*Sleep5*KingBed*Kitchen Room114,Kitchen Room114,HM9XT3S5RP,Past guest,"Feb 2, 2023","Feb 3, 2023",79.54
Scooter*Beachfront*KingBed*Renovated*Grill*Room108,Room108,HMZ5PQDKAK,Past guest,"Feb 1, 2023","Feb 2, 2023",79.54
Scooter*BeachAccess*Sleep5*KingBed*Kitchen Room114,Kitchen Room114,HMFTTPXWCJ,Past guest,"Feb 1, 2023","Feb 2, 2023",79.54
Scooter*Beachfront*KingBed*Renovated*Grill*Room108,Room108,HMRC4CBBCH,Past guest,"Jan 30, 2023","Jan 31, 2023",79.54
Scooter*Beachfront*KingBed*Renovated*Grill*Room108,Room108,HM3JCNB22Z,Past guest,"Jan 28, 2023","Jan 30, 2023",242.50
Discard-101,Discard-101,HMS5ZM5YYZ,Past guest,"Jan 26, 2023","Jan 30, 2023",588.94
Scooter*Beachfront*KingBed*Renovated*Grill*Room104,Room104,HM82DXPEJ3,Past guest,"Jan 28, 2023","Jan 30, 2023",271.60
Scooter*Beachfront*KingBed*Renovated*Grill*Room106,Room106,HMQEDQ2TWR,Past guest,"Jan 22, 2023","Jan 29, 2023",863.30
Discard: DSIS102,Discard: DSIS102,HMXMZH95PP,Past guest,"Jan 27, 2023","Jan 29, 2023",299.73
Discard: DSIS119,Discard: DSIS119,HM94THBKSR,Past guest,"Jan 28, 2023","Jan 29, 2023",242.50
Scooter*Sleep4*BeachAccess*2KingBeds*Grill*Room117,Room117,HM2WMPQY8S,Past guest,"Jan 28, 2023","Jan 29, 2023",242.50
Scooter*BeachAccess*Sleep5*KingBed*Kitchen Room114,Kitchen Room114,HMJQAN8ENJ,Past guest,"Jan 27, 2023","Jan 29, 2023",339.50
*Beachfront*Scooter*Sleep5*KingBed*Grill*Room-112,Room-112,HM44JXJ8JX,Past guest,"Jan 27, 2023","Jan 29, 2023",281.30
Discard: DSIS119,Discard: DSIS119,HMJZ4NC242,Past guest,"Jan 27, 2023","Jan 28, 2023",164.90
Scooter*Sleep4*BeachAccess*2KingBeds*Grill*Room117,Room117,HM5XYHT2TP,Past guest,"Jan 27, 2023","Jan 28, 2023",174.60
Scooter*Beachfront*KingBed*Renovated*Grill*Room104,Room104,HMR8B4PBCM,Past guest,"Jan 27, 2023","Jan 28, 2023",143.07
Discard: DSIS119,Discard: DSIS119,HMQPRRZPNK,Past guest,"Jan 23, 2023","Jan 25, 2023",149.38
Scooter*Sleep4*BeachAccess*2KingBeds*Grill*Room117,Room117,HMQ3XCCQT5,Past guest,"Jan 21, 2023","Jan 25, 2023",334.07
Scooter*BeachAccess*Sleep5*KingBed*Kitchen Room114,Kitchen Room114,HMBJKREPDA,Past guest,"Jan 20, 2023","Jan 25, 2023",401.58
Scooter*Beachfront*KingBed*Renovated*Grill*Room104,Room104,HM3HQ3B4DP,Past guest,"Jan 21, 2023","Jan 22, 2023",86.33
Scooter*Beachfront*KingBed*Renovated*Grill*Room108,Room108,HMS2993ATT,Past guest,"Jan 21, 2023","Jan 22, 2023",98.94
*Beachfront*Scooter*Sleep5*KingBed*Grill*Room-112,Room-112,HM9SXCKWZW,Past guest,"Jan 21, 2023","Jan 22, 2023",114.46
Discard: DSIS119,Discard: DSIS119,HM53T28CX4,Past guest,"Jan 19, 2023","Jan 22, 2023",223.10
Scooter*Beachfront*KingBed*Renovated*Grill*Room106,Room106,HMFX44DZCY,Past guest,"Jan 18, 2023","Jan 22, 2023",277.42
*Beachfront*Scooter*Sleep5*KingBed*Grill*Room-112,Room-112,HMTY948DTB,Past guest,"Jan 20, 2023","Jan 21, 2023",98.94
Discard: DSIS102,Discard: DSIS102,HMC5CETSFW,Past guest,"Jan 18, 2023","Jan 21, 2023",213.59
Scooter*Sleep4*BeachAccess*2KingBeds*Grill*Room117,Room117,HMCDNKY9MD,Past guest,"Jan 13, 2023","Jan 21, 2023",594.80
Scooter*Beachfront*KingBed*Renovated*Grill*Room108,Room108,HMQYKZY4P9,Past guest,"Jan 18, 2023","Jan 21, 2023",281.30
*Beachfront*Scooter*Sleep5*KingBed*Grill*Room-112,Room-112,HMX82R525Y,Past guest,"Jan 12, 2023","Jan 18, 2023",420.98
Scooter*Beachfront*KingBed*Renovated*Grill*Room106,Room106,HMBMF2QWKA,Past guest,"Jan 15, 2023","Jan 17, 2023",149.38
Discard: DSIS102,Discard: DSIS102,HM5E988C9M,Past guest,"Jan 15, 2023","Jan 17, 2023",150.01
Scooter*Beachfront*KingBed*Renovated*Grill*Room104,Room104,HMQHZPKEKN,Past guest,"Jan 14, 2023","Jan 16, 2023",203.70
Scooter*BeachAccess*Sleep5*KingBed*Kitchen Room114,Kitchen Room114,HMEM3AMC3P,Past guest,"Jan 14, 2023","Jan 16, 2023",203.70
Scooter*Beachfront*KingBed*Renovated*Grill*Room108,Room108,HMWZK8WR3W,Past guest,"Jan 9, 2023","Jan 16, 2023",483.06
Discard: DSIS102,Discard: DSIS102,HMZN32XQCB,Past guest,"Jan 13, 2023","Jan 15, 2023",165.38
Scooter*Beachfront*KingBed*Renovated*Grill*Room106,Room106,HMK3ADYB84,Past guest,"Jan 13, 2023","Jan 15, 2023",124.16
Scooter*BeachAccess*Sleep5*KingBed*Kitchen Room114,Kitchen Room114,HMDSNY2DRJ,Past guest,"Jan 9, 2023","Jan 14, 2023",401.58
Discard: DSIS102,Discard: DSIS102,HMD34TY393,Past guest,"Jan 9, 2023","Jan 11, 2023",124.16
Scooter*Beachfront*KingBed*Renovated*Grill*Room104,Room104,HMXD8MRB28,Past guest,"Jan 9, 2023","Jan 10, 2023",110.58
Scooter*Sleep4*BeachAccess*2KingBeds*Grill*Room117,Room117,HMHCAT9KAS,Past guest,"Jan 7, 2023","Jan 10, 2023",221.70
Scooter*Beachfront*KingBed*Renovated*Grill*Room104,Room104,HMEYQXBJRS,Past guest,"Jan 8, 2023","Jan 9, 2023",110.58
Discard: DSIS102,Discard: DSIS102,HMXPFFQR55,Past guest,"Jan 6, 2023","Jan 8, 2023",108.64
Discard: DSIS102,Discard: DSIS102,HM24AAQTX5,Past guest,"Jan 5, 2023","Jan 6, 2023",84.39
Discard: DSIS102,Discard: DSIS102,HMY5W58TRH,Past guest,"Dec 30, 2022","Jan 1, 2023",224.07
Scooter*BeachAccess*Sleep5*KingBed*Kitchen Room114,Kitchen Room114,HMAWXFX5J3,Past guest,"Dec 28, 2022","Dec 31, 2022",357.93
Discard: DSIS102,Discard: DSIS102,HMATHAE3X2,Past guest,"Dec 29, 2022","Dec 30, 2022",84.39
Discard: DSIS102,Discard: DSIS102,HMQA53PAP8,Past guest,"Dec 29, 2022","Dec 30, 2022",84.39
Scooter*BeachAccess*Sleep5*KingBed*Kitchen Room114,Kitchen Room114,HM2KWSHFNH,Past guest,"Dec 29, 2022","Dec 30, 2022",90.21
Discard: DSIS102,Discard: DSIS102,HM93STFBY9,Past guest,"Dec 29, 2022","Dec 30, 2022",84.39
Discard: DSIS102,Discard: DSIS102,HM8F93FS4B,Past guest,"Dec 28, 2022","Dec 30, 2022",168.78
Discard: DSIS102,Discard: DSIS102,HMY24N9X5W,Past guest,"Dec 28, 2022","Dec 29, 2022",84.39
Scooter*BeachAccess*Sleep5*KingBed*Kitchen Room114,Kitchen Room114,HMJKCFB2NE,Past guest,"Dec 28, 2022","Dec 29, 2022",90.21
Discard: DSIS102,Discard: DSIS102,HMB8N52DQS,Past guest,"Dec 28, 2022","Dec 29, 2022",84.39
Discard: DSIS119,Discard: DSIS119,HMXBDXHAZR,Past guest,"Dec 27, 2022","Dec 29, 2022",178.48
Discard: DSIS102,Discard: DSIS102,HMH2CCNRT8,Past guest,"Dec 26, 2022","Dec 27, 2022",84.39
Discard: DSIS119,Discard: DSIS119,HMHYDF9RYA,Past guest,"Dec 22, 2022","Dec 23, 2022",131.92
Discard: DSIS102,Discard: DSIS102,HMYH2FHC9C,Past guest,"Dec 19, 2022","Dec 20, 2022",84.39
Discard: DSIS119,Discard: DSIS119,HM58MESXDZ,Past guest,"Dec 18, 2022","Dec 19, 2022",89.24
Discard: DSIS119,Discard: DSIS119,HMY4KE3ZBJ,Past guest,"Dec 15, 2022","Dec 16, 2022",89.24
Scooter*BeachAccess*Sleep5*KingBed*Kitchen Room114,Kitchen Room114,HM9BWHXSMD,Past guest,"Dec 10, 2022","Dec 11, 2022",99.91
Scooter*BeachAccess*Sleep5*KingBed*Kitchen Room114,Kitchen Room114,HMZSED3TFN,Past guest,"Dec 10, 2022","Dec 11, 2022",99.91
Scooter*BeachAccess*Sleep5*KingBed*Kitchen Room114,Kitchen Room114,HM8MFEHTX2,Past guest,"Dec 9, 2022","Dec 11, 2022",201.76
Discard: DSIS102,Discard: DSIS102,HMW8MZ8A9Y,Past guest,"Dec 3, 2022","Dec 4, 2022",105.73
Discard: DSIS119,Discard: DSIS119,HM5BQFCP5J,Past guest,"Nov 15, 2022","Nov 16, 2022",142.59
Discard: DSIS102,Discard: DSIS102,HMCNTWX5CX,Past guest,"Nov 7, 2022","Nov 8, 2022",94.09
Discard: DSIS102,Discard: DSIS102,HMDYBC8KQQ,Past guest,"Oct 30, 2022","Oct 31, 2022",94.09
Discard: DSIS102,Discard: DSIS102,HMQ4Z8DWDC,Past guest,"Sep 19, 2022","Sep 20, 2022",77.60
Discard: DSIS119,Discard: DSIS119,HM3FFC2TXW,Past guest,"Sep 9, 2022","Sep 11, 2022",193.03
Discard: DSIS102,Discard: DSIS102,HMSHRHNABB,Past guest,"Aug 27, 2022","Aug 29, 2022",257.05
Discard: DSIS119,Discard: DSIS119,HMZW8QWNSX,Past guest,"Aug 26, 2022","Aug 28, 2022",280.33
Discard: DSIS102,Discard: DSIS102,HMQWHBC3M3,Past guest,"Aug 20, 2022","Aug 22, 2022",177.51
Discard: DSIS102,Discard: DSIS102,HMB29DT3JZ,Past guest,"Aug 16, 2022","Aug 18, 2022",145.50
Discard: DSIS102,Discard: DSIS102,HM2D4YNPEP,Past guest,"Jul 26, 2022","Jul 28, 2022",190.12
